{
    "block.barrel.close": {
        "sounds": [
          {
            "name":  "block/barrel/close",
            "volume": 1
          }
        ],
        "subtitle": "subtitles.block.barrel.close"
      },
      "block.barrel.open": {
        "sounds": [
          {
            "name":  "block/barrel/open1",
            "volume": 1,
            "pitch": 1
          },
          {
            "name":  "block/barrel/open2",
            "volume": 1,
            "pitch": 1
          }
        ],
        "subtitle": "subtitles.block.barrel.open"
      }
}