{
    "parent": "dnd:block/cube_spawner_all",
    "textures": {
      "top": "dnd:block/chiseled_petrified_log_side",
      "bottom": "dnd:block/chiseled_petrified_log_side",
      "north": "dnd:block/chiseled_petrified_log_side",
      "south": "dnd:block/chiseled_petrified_log_side",
      "east": "dnd:block/chiseled_petrified_log_side",
      "west": "dnd:block/chiseled_petrified_log_side",
      "particle": "dnd:block/chiseled_petrified_log_side"
    },
  	"display": {
  		"head": {
  			"rotation": [-120, 0, 0],
  			"translation": [0, -18.5, -14],
  			"scale": [3, 3, 3]
  		}
  	}
}
