{
    "texture_size": [
        48,
        48
    ],
    "textures": {
        "main": "dnd:entity/adult/dodo_walking"
    },
    "elements": [
        {
            "from": [ 4, 3, 5 ],
            "to":   [ 12, 11, 14 ],
            "faces": {
                "north": { "uv": [ 1.125, 1.125, 2.12500125, 2.12500125 ], "texture": "#main", "tintindex": 0 },
                "east":  { "uv": [ 0, 1.125, 1.125, 2.12500125 ], "texture": "#main", "tintindex": 0 },
                "south": { "uv": [ 3.25000125, 1.125, 4.24999875, 2.12500125 ], "texture": "#main", "tintindex": 0 },
                "west":  { "uv": [ 2.12500125, 1.125, 3.25000125, 2.12500125 ], "texture": "#main", "tintindex": 0 },
                "up":    { "uv": [ 2.12500125, 1.125, 1.125, 0 ], "texture": "#main", "tintindex": 0 },
                "down":  { "uv": [ 3.12499875, 0, 2.12500125, 1.125 ], "texture": "#main", "tintindex": 0 }
            }
        },
        {
            "from": [ 5.5, 8, 11 ],
            "to":   [ 10.5, 13, 16 ],
            "faces": {
                "north": { "uv": [ 3.12499875, 2.74999875, 3.75, 3.375 ], "texture": "#main", "tintindex": 0 },
                "east":  { "uv": [ 2.50000125, 2.74999875, 3.12499875, 3.375 ], "texture": "#main", "tintindex": 0 },
                "south": { "uv": [ 4.37500125, 2.74999875, 4.99999875, 3.375 ], "texture": "#main", "tintindex": 0 },
                "west":  { "uv": [ 3.75, 2.74999875, 4.37500125, 3.375 ], "texture": "#main", "tintindex": 0 },
                "up":    { "uv": [ 3.75, 2.74999875, 3.12499875, 2.12500125 ], "texture": "#main", "tintindex": 0 },
                "down":  { "uv": [ 4.37500125, 2.12500125, 3.75, 2.74999875 ], "texture": "#main", "tintindex": 0 }
            }
        },
        {
            "from": [ 5.49, 6.99, 2.99 ],
            "to":   [ 10.51, 16.01, 8.01 ],
            "faces": {
                "north": { "uv": [ 0.6250012500000001, 2.74999875, 1.24999875, 3.87499875 ], "texture": "#main", "tintindex": 0 },
                "east":  { "uv": [ 0, 2.74999875, 0.6250012500000001, 3.87499875 ], "texture": "#main", "tintindex": 0 },
                "south": { "uv": [ 1.875, 2.74999875, 2.50000125, 3.87499875 ], "texture": "#main", "tintindex": 0 },
                "west":  { "uv": [ 1.24999875, 2.74999875, 1.875, 3.87499875 ], "texture": "#main", "tintindex": 0 },
                "up":    { "uv": [ 1.24999875, 2.74999875, 0.6250012500000001, 2.12500125 ], "texture": "#main", "tintindex": 0 },
                "down":  { "uv": [ 1.875, 2.12500125, 1.24999875, 2.74999875 ], "texture": "#main", "tintindex": 0 }
            }
        },
        {
            "from": [ 6.49, 10.99, -0.01 ],
            "to":   [ 9.51, 14.01, 3.01 ],
            "faces": {
                "north": { "uv": [ 3.49999875, 0.375, 3.87499875, 0.75 ], "texture": "#main", "tintindex": 0 },
                "east":  { "uv": [ 3.12499875, 0.375, 3.49999875, 0.75 ], "texture": "#main", "tintindex": 0 },
                "south": { "uv": [ 4.24999875, 0.375, 4.62499875, 0.75 ], "texture": "#main", "tintindex": 0 },
                "west":  { "uv": [ 3.87499875, 0.375, 4.24999875, 0.75 ], "texture": "#main", "tintindex": 0 },
                "up":    { "uv": [ 3.87499875, 0.375, 3.49999875, 0 ], "texture": "#main", "tintindex": 0 },
                "down":  { "uv": [ 4.24999875, 0, 3.87499875, 0.375 ], "texture": "#main", "tintindex": 0 }
            }
        },
        {
            "from": [ 6.49, 9.99, -0.01 ],
            "to":   [ 9.51, 11.01, 1.01 ],
            "faces": {
                "north": { "uv": [ 0.12499875, 0.12499875, 0.49999874999999994, 0.25000125 ], "texture": "#main", "tintindex": 0 },
                "east":  { "uv": [ 0, 0.12499875, 0.12499875, 0.25000125 ], "texture": "#main", "tintindex": 0 },
                "south": { "uv": [ 0.6250012500000001, 0.12499875, 1.00000125, 0.25000125 ], "texture": "#main", "tintindex": 0 },
                "west":  { "uv": [ 0.49999874999999994, 0.12499875, 0.6250012500000001, 0.25000125 ], "texture": "#main", "tintindex": 0 },
                "up":    { "uv": [ 0.49999874999999994, 0.12499875, 0.12499875, 0 ], "texture": "#main", "tintindex": 0 },
                "down":  { "uv": [ 0.87499875, 0, 0.49999874999999994, 0.12499875 ], "texture": "#main", "tintindex": 0 }
            }
        },
        {
            "from": [ 10.5, 0, 11 ],
            "to":   [ 11.5, 3, 11 ],
            "rotation": { "angle": 0, "axis": "x", "origin": [8, 3, 11] },
            "faces": {
                "north": { "uv": [ 0, 0.375, 0.12499875, 0.75 ], "texture": "#main", "tintindex": 0 },
                "east":  { "uv": [ 0, 0.375, 0, 0.75 ], "texture": "#main", "tintindex": 0 },
                "south": { "uv": [ 0.12499875, 0.375, 0.25000125, 0.75 ], "texture": "#main", "tintindex": 0 },
                "west":  { "uv": [ 0.12499875, 0.375, 0.12499875, 0.75 ], "texture": "#main", "tintindex": 0 },
                "up":    { "uv": [ 0.12499875, 0.375, 0, 0.375 ], "texture": "#main", "tintindex": 0 },
                "down":  { "uv": [ 0.25000125, 0.375, 0.12499875, 0.375 ], "texture": "#main", "tintindex": 0 }
            }
        },
        {
            "from": [ 10.5, 0, 10 ],
            "to":   [ 11.5, 0, 11 ],
            "rotation": { "angle": 0, "axis": "x", "origin": [8, 3, 11] },
            "faces": {
                "north": { "uv": [ 0.12499875, 0.375, 0.25000125, 0.375 ], "texture": "#main", "tintindex": 0 },
                "east":  { "uv": [ 0, 0.375, 0.12499875, 0.375 ], "texture": "#main", "tintindex": 0 },
                "south": { "uv": [ 0.375, 0.375, 0.49999874999999994, 0.375 ], "texture": "#main", "tintindex": 0 },
                "west":  { "uv": [ 0.25000125, 0.375, 0.375, 0.375 ], "texture": "#main", "tintindex": 0 },
                "up":    { "uv": [ 0.25000125, 0.375, 0.12499875, 0.25000125 ], "texture": "#main", "tintindex": 0 },
                "down":  { "uv": [ 0.375, 0.25000125, 0.25000125, 0.375 ], "texture": "#main", "tintindex": 0 }
            }
        },
        {
            "from": [ 4.5, 0, 11 ],
            "to":   [ 5.5, 3, 11 ],
            "shade": false,
            "rotation": { "angle": 0, "axis": "x", "origin": [8, 3, 11] },
            "faces": {
                "north": { "uv": [ 0.12499875, 0.375, 0, 0.75 ], "texture": "#main", "tintindex": 0 },
                "east":  { "uv": [ 0.12499875, 0.375, 0.12499875, 0.75 ], "texture": "#main", "tintindex": 0 },
                "south": { "uv": [ 0.25000125, 0.375, 0.12499875, 0.75 ], "texture": "#main", "tintindex": 0 },
                "west":  { "uv": [ 0, 0.375, 0, 0.75 ], "texture": "#main", "tintindex": 0 },
                "up":    { "uv": [ 0, 0.375, 0.12499875, 0.375 ], "texture": "#main", "tintindex": 0 },
                "down":  { "uv": [ 0.12499875, 0.375, 0.25000125, 0.375 ], "texture": "#main", "tintindex": 0 }
            }
        },
        {
            "from": [ 4.5, 0, 10 ],
            "to":   [ 5.5, 0, 11 ],
            "shade": false,
            "rotation": { "angle": 0, "axis": "x", "origin": [8, 3, 11] },
            "faces": {
                "north": { "uv": [ 0.25000125, 0.375, 0.12499875, 0.375 ], "texture": "#main", "tintindex": 0 },
                "east":  { "uv": [ 0.375, 0.375, 0.25000125, 0.375 ], "texture": "#main", "tintindex": 0 },
                "south": { "uv": [ 0.49999874999999994, 0.375, 0.375, 0.375 ], "texture": "#main", "tintindex": 0 },
                "west":  { "uv": [ 0.12499875, 0.375, 0, 0.375 ], "texture": "#main", "tintindex": 0 },
                "up":    { "uv": [ 0.12499875, 0.375, 0.25000125, 0.25000125 ], "texture": "#main", "tintindex": 0 },
                "down":  { "uv": [ 0.25000125, 0.25000125, 0.375, 0.375 ], "texture": "#main", "tintindex": 0 }
            }
        },
        {
            "from": [ 3, 5, 6 ],
            "to":   [ 4, 10, 12 ],
            "shade": false,
            "faces": {
                "north": { "uv": [ 2.625, 4.125, 2.50000125, 4.75000125 ], "texture": "#main", "tintindex": 0 },
                "east":  { "uv": [ 3.375, 4.125, 2.625, 4.75000125 ], "texture": "#main", "tintindex": 0 },
                "south": { "uv": [ 3.49999875, 4.125, 3.375, 4.75000125 ], "texture": "#main", "tintindex": 0 },
                "west":  { "uv": [ 2.50000125, 4.125, 1.75000125, 4.75000125 ], "texture": "#main", "tintindex": 0 },
                "up":    { "uv": [ 2.50000125, 4.125, 2.625, 3.375 ], "texture": "#main", "tintindex": 0 },
                "down":  { "uv": [ 2.625, 3.375, 2.74999875, 4.125 ], "texture": "#main", "tintindex": 0 }
            }
        },
        {
            "from": [ 12, 5, 6 ],
            "to":   [ 13, 10, 12 ],
            "faces": {
                "north": { "uv": [ 2.50000125, 4.125, 2.625, 4.75000125 ], "texture": "#main", "tintindex": 0 },
                "east":  { "uv": [ 1.75000125, 4.125, 2.50000125, 4.75000125 ], "texture": "#main", "tintindex": 0 },
                "south": { "uv": [ 3.375, 4.125, 3.49999875, 4.75000125 ], "texture": "#main", "tintindex": 0 },
                "west":  { "uv": [ 2.625, 4.125, 3.375, 4.75000125 ], "texture": "#main", "tintindex": 0 },
                "up":    { "uv": [ 2.625, 4.125, 2.50000125, 3.375 ], "texture": "#main", "tintindex": 0 },
                "down":  { "uv": [ 2.74999875, 3.375, 2.625, 4.125 ], "texture": "#main", "tintindex": 0 }
            }
        },
        {
            "from": [ 4, 3, 5 ],
            "to":   [ 12, 11, 14 ],
            "faces": {
                "north": { "uv": [ 9.125, 1.125, 10.12500125, 2.12500125 ], "texture": "#main", "tintindex": 0 },
                "east":  { "uv": [ 8, 1.125, 9.125, 2.12500125 ], "texture": "#main", "tintindex": 0 },
                "south": { "uv": [ 11.25000125, 1.125, 12.24999875, 2.12500125 ], "texture": "#main", "tintindex": 0 },
                "west":  { "uv": [ 10.12500125, 1.125, 11.25000125, 2.12500125 ], "texture": "#main", "tintindex": 0 },
                "up":    { "uv": [ 10.12500125, 1.125, 9.125, 0 ], "texture": "#main", "tintindex": 0 },
                "down":  { "uv": [ 11.12499875, 0, 10.12500125, 1.125 ], "texture": "#main", "tintindex": 0 }
            }
        },
        {
            "from": [ 5.5, 8, 11 ],
            "to":   [ 10.5, 13, 16 ],
            "faces": {
                "north": { "uv": [ 11.12499875, 2.74999875, 11.75, 3.375 ], "texture": "#main", "tintindex": 0 },
                "east":  { "uv": [ 10.50000125, 2.74999875, 11.12499875, 3.375 ], "texture": "#main", "tintindex": 0 },
                "south": { "uv": [ 12.37500125, 2.74999875, 12.99999875, 3.375 ], "texture": "#main", "tintindex": 0 },
                "west":  { "uv": [ 11.75, 2.74999875, 12.37500125, 3.375 ], "texture": "#main", "tintindex": 0 },
                "up":    { "uv": [ 11.75, 2.74999875, 11.12499875, 2.12500125 ], "texture": "#main", "tintindex": 0 },
                "down":  { "uv": [ 12.37500125, 2.12500125, 11.75, 2.74999875 ], "texture": "#main", "tintindex": 0 }
            }
        },
        {
            "from": [ 5.49, 6.99, 2.99 ],
            "to":   [ 10.51, 16.01, 8.01 ],
            "faces": {
                "north": { "uv": [ 8.62500125, 2.74999875, 9.24999875, 3.87499875 ], "texture": "#main", "tintindex": 0 },
                "east":  { "uv": [ 8, 2.74999875, 8.62500125, 3.87499875 ], "texture": "#main", "tintindex": 0 },
                "south": { "uv": [ 9.875, 2.74999875, 10.50000125, 3.87499875 ], "texture": "#main", "tintindex": 0 },
                "west":  { "uv": [ 9.24999875, 2.74999875, 9.875, 3.87499875 ], "texture": "#main", "tintindex": 0 },
                "up":    { "uv": [ 9.24999875, 2.74999875, 8.62500125, 2.12500125 ], "texture": "#main", "tintindex": 0 },
                "down":  { "uv": [ 9.875, 2.12500125, 9.24999875, 2.74999875 ], "texture": "#main", "tintindex": 0 }
            }
        },
        {
            "from": [ 6.49, 10.99, -0.01 ],
            "to":   [ 9.51, 14.01, 3.01 ],
            "faces": {
                "north": { "uv": [ 11.49999875, 0.375, 11.87499875, 0.75 ], "texture": "#main", "tintindex": 0 },
                "east":  { "uv": [ 11.12499875, 0.375, 11.49999875, 0.75 ], "texture": "#main", "tintindex": 0 },
                "south": { "uv": [ 12.24999875, 0.375, 12.62499875, 0.75 ], "texture": "#main", "tintindex": 0 },
                "west":  { "uv": [ 11.87499875, 0.375, 12.24999875, 0.75 ], "texture": "#main", "tintindex": 0 },
                "up":    { "uv": [ 11.87499875, 0.375, 11.49999875, 0 ], "texture": "#main", "tintindex": 0 },
                "down":  { "uv": [ 12.24999875, 0, 11.87499875, 0.375 ], "texture": "#main", "tintindex": 0 }
            }
        },
        {
            "from": [ 6.49, 9.99, -0.01 ],
            "to":   [ 9.51, 11.01, 1.01 ],
            "faces": {
                "north": { "uv": [ 8.12499875, 0.12499875, 8.49999875, 0.25000125 ], "texture": "#main", "tintindex": 0 },
                "east":  { "uv": [ 8, 0.12499875, 8.12499875, 0.25000125 ], "texture": "#main", "tintindex": 0 },
                "south": { "uv": [ 8.62500125, 0.12499875, 9.00000125, 0.25000125 ], "texture": "#main", "tintindex": 0 },
                "west":  { "uv": [ 8.49999875, 0.12499875, 8.62500125, 0.25000125 ], "texture": "#main", "tintindex": 0 },
                "up":    { "uv": [ 8.49999875, 0.12499875, 8.12499875, 0 ], "texture": "#main", "tintindex": 0 },
                "down":  { "uv": [ 8.87499875, 0, 8.49999875, 0.12499875 ], "texture": "#main", "tintindex": 0 }
            }
        },
        {
            "from": [ 10.5, 0, 11 ],
            "to":   [ 11.5, 3, 11 ],
            "rotation": { "angle": -45, "axis": "x", "origin": [8, 3, 11] },
            "faces": {
                "north": { "uv": [ 8, 0.375, 8.12499875, 0.75 ], "texture": "#main", "tintindex": 0 },
                "east":  { "uv": [ 8, 0.375, 8, 0.75 ], "texture": "#main", "tintindex": 0 },
                "south": { "uv": [ 8.12499875, 0.375, 8.25000125, 0.75 ], "texture": "#main", "tintindex": 0 },
                "west":  { "uv": [ 8.12499875, 0.375, 8.12499875, 0.75 ], "texture": "#main", "tintindex": 0 },
                "up":    { "uv": [ 8.12499875, 0.375, 8, 0.375 ], "texture": "#main", "tintindex": 0 },
                "down":  { "uv": [ 8.25000125, 0.375, 8.12499875, 0.375 ], "texture": "#main", "tintindex": 0 }
            }
        },
        {
            "from": [ 10.5, 0, 10 ],
            "to":   [ 11.5, 0, 11 ],
            "rotation": { "angle": -45, "axis": "x", "origin": [8, 3, 11] },
            "faces": {
                "north": { "uv": [ 8.12499875, 0.375, 8.25000125, 0.375 ], "texture": "#main", "tintindex": 0 },
                "east":  { "uv": [ 8, 0.375, 8.12499875, 0.375 ], "texture": "#main", "tintindex": 0 },
                "south": { "uv": [ 8.375, 0.375, 8.49999875, 0.375 ], "texture": "#main", "tintindex": 0 },
                "west":  { "uv": [ 8.25000125, 0.375, 8.375, 0.375 ], "texture": "#main", "tintindex": 0 },
                "up":    { "uv": [ 8.25000125, 0.375, 8.12499875, 0.25000125 ], "texture": "#main", "tintindex": 0 },
                "down":  { "uv": [ 8.375, 0.25000125, 8.25000125, 0.375 ], "texture": "#main", "tintindex": 0 }
            }
        },
        {
            "from": [ 4.5, 0, 11 ],
            "to":   [ 5.5, 3, 11 ],
            "shade": false,
            "rotation": { "angle": 45, "axis": "x", "origin": [8, 3, 11] },
            "faces": {
                "north": { "uv": [ 8.12499875, 0.375, 8, 0.75 ], "texture": "#main", "tintindex": 0 },
                "east":  { "uv": [ 8.12499875, 0.375, 8.12499875, 0.75 ], "texture": "#main", "tintindex": 0 },
                "south": { "uv": [ 8.25000125, 0.375, 8.12499875, 0.75 ], "texture": "#main", "tintindex": 0 },
                "west":  { "uv": [ 8, 0.375, 8, 0.75 ], "texture": "#main", "tintindex": 0 },
                "up":    { "uv": [ 8, 0.375, 8.12499875, 0.375 ], "texture": "#main", "tintindex": 0 },
                "down":  { "uv": [ 8.12499875, 0.375, 8.25000125, 0.375 ], "texture": "#main", "tintindex": 0 }
            }
        },
        {
            "from": [ 4.5, 0, 10 ],
            "to":   [ 5.5, 0, 11 ],
            "shade": false,
            "rotation": { "angle": 45, "axis": "x", "origin": [8, 3, 11] },
            "faces": {
                "north": { "uv": [ 8.25000125, 0.375, 8.12499875, 0.375 ], "texture": "#main", "tintindex": 0 },
                "east":  { "uv": [ 8.375, 0.375, 8.25000125, 0.375 ], "texture": "#main", "tintindex": 0 },
                "south": { "uv": [ 8.49999875, 0.375, 8.375, 0.375 ], "texture": "#main", "tintindex": 0 },
                "west":  { "uv": [ 8.12499875, 0.375, 8, 0.375 ], "texture": "#main", "tintindex": 0 },
                "up":    { "uv": [ 8.12499875, 0.375, 8.25000125, 0.25000125 ], "texture": "#main", "tintindex": 0 },
                "down":  { "uv": [ 8.25000125, 0.25000125, 8.375, 0.375 ], "texture": "#main", "tintindex": 0 }
            }
        },
        {
            "from": [ 3, 5, 6 ],
            "to":   [ 4, 10, 12 ],
            "shade": false,
            "faces": {
                "north": { "uv": [ 10.625, 4.125, 10.50000125, 4.75000125 ], "texture": "#main", "tintindex": 0 },
                "east":  { "uv": [ 11.375, 4.125, 10.625, 4.75000125 ], "texture": "#main", "tintindex": 0 },
                "south": { "uv": [ 11.49999875, 4.125, 11.375, 4.75000125 ], "texture": "#main", "tintindex": 0 },
                "west":  { "uv": [ 10.50000125, 4.125, 9.75000125, 4.75000125 ], "texture": "#main", "tintindex": 0 },
                "up":    { "uv": [ 10.50000125, 4.125, 10.625, 3.375 ], "texture": "#main", "tintindex": 0 },
                "down":  { "uv": [ 10.625, 3.375, 10.74999875, 4.125 ], "texture": "#main", "tintindex": 0 }
            }
        },
        {
            "from": [ 12, 5, 6 ],
            "to":   [ 13, 10, 12 ],
            "faces": {
                "north": { "uv": [ 10.50000125, 4.125, 10.625, 4.75000125 ], "texture": "#main", "tintindex": 0 },
                "east":  { "uv": [ 9.75000125, 4.125, 10.50000125, 4.75000125 ], "texture": "#main", "tintindex": 0 },
                "south": { "uv": [ 11.375, 4.125, 11.49999875, 4.75000125 ], "texture": "#main", "tintindex": 0 },
                "west":  { "uv": [ 10.625, 4.125, 11.375, 4.75000125 ], "texture": "#main", "tintindex": 0 },
                "up":    { "uv": [ 10.625, 4.125, 10.50000125, 3.375 ], "texture": "#main", "tintindex": 0 },
                "down":  { "uv": [ 10.74999875, 3.375, 10.625, 4.125 ], "texture": "#main", "tintindex": 0 }
            }
        },
        {
            "from": [ 4, 3, 5 ],
            "to":   [ 12, 11, 14 ],
            "faces": {
                "north": { "uv": [ 1.125, 9.125, 2.12500125, 10.12500125 ], "texture": "#main", "tintindex": 0 },
                "east":  { "uv": [ 0, 9.125, 1.125, 10.12500125 ], "texture": "#main", "tintindex": 0 },
                "south": { "uv": [ 3.25000125, 9.125, 4.24999875, 10.12500125 ], "texture": "#main", "tintindex": 0 },
                "west":  { "uv": [ 2.12500125, 9.125, 3.25000125, 10.12500125 ], "texture": "#main", "tintindex": 0 },
                "up":    { "uv": [ 2.12500125, 9.125, 1.125, 8 ], "texture": "#main", "tintindex": 0 },
                "down":  { "uv": [ 3.12499875, 8, 2.12500125, 9.125 ], "texture": "#main", "tintindex": 0 }
            }
        },
        {
            "from": [ 5.5, 8, 11 ],
            "to":   [ 10.5, 13, 16 ],
            "faces": {
                "north": { "uv": [ 3.12499875, 10.74999875, 3.75, 11.375 ], "texture": "#main", "tintindex": 0 },
                "east":  { "uv": [ 2.50000125, 10.74999875, 3.12499875, 11.375 ], "texture": "#main", "tintindex": 0 },
                "south": { "uv": [ 4.37500125, 10.74999875, 4.99999875, 11.375 ], "texture": "#main", "tintindex": 0 },
                "west":  { "uv": [ 3.75, 10.74999875, 4.37500125, 11.375 ], "texture": "#main", "tintindex": 0 },
                "up":    { "uv": [ 3.75, 10.74999875, 3.12499875, 10.12500125 ], "texture": "#main", "tintindex": 0 },
                "down":  { "uv": [ 4.37500125, 10.12500125, 3.75, 10.74999875 ], "texture": "#main", "tintindex": 0 }
            }
        },
        {
            "from": [ 5.49, 6.99, 2.99 ],
            "to":   [ 10.51, 16.01, 8.01 ],
            "faces": {
                "north": { "uv": [ 0.6250012500000001, 10.74999875, 1.24999875, 11.87499875 ], "texture": "#main", "tintindex": 0 },
                "east":  { "uv": [ 0, 10.74999875, 0.6250012500000001, 11.87499875 ], "texture": "#main", "tintindex": 0 },
                "south": { "uv": [ 1.875, 10.74999875, 2.50000125, 11.87499875 ], "texture": "#main", "tintindex": 0 },
                "west":  { "uv": [ 1.24999875, 10.74999875, 1.875, 11.87499875 ], "texture": "#main", "tintindex": 0 },
                "up":    { "uv": [ 1.24999875, 10.74999875, 0.6250012500000001, 10.12500125 ], "texture": "#main", "tintindex": 0 },
                "down":  { "uv": [ 1.875, 10.12500125, 1.24999875, 10.74999875 ], "texture": "#main", "tintindex": 0 }
            }
        },
        {
            "from": [ 6.49, 10.99, -0.01 ],
            "to":   [ 9.51, 14.01, 3.01 ],
            "faces": {
                "north": { "uv": [ 3.49999875, 8.375, 3.87499875, 8.75 ], "texture": "#main", "tintindex": 0 },
                "east":  { "uv": [ 3.12499875, 8.375, 3.49999875, 8.75 ], "texture": "#main", "tintindex": 0 },
                "south": { "uv": [ 4.24999875, 8.375, 4.62499875, 8.75 ], "texture": "#main", "tintindex": 0 },
                "west":  { "uv": [ 3.87499875, 8.375, 4.24999875, 8.75 ], "texture": "#main", "tintindex": 0 },
                "up":    { "uv": [ 3.87499875, 8.375, 3.49999875, 8 ], "texture": "#main", "tintindex": 0 },
                "down":  { "uv": [ 4.24999875, 8, 3.87499875, 8.375 ], "texture": "#main", "tintindex": 0 }
            }
        },
        {
            "from": [ 6.49, 9.99, -0.01 ],
            "to":   [ 9.51, 11.01, 1.01 ],
            "faces": {
                "north": { "uv": [ 0.12499875, 8.12499875, 0.49999874999999994, 8.25000125 ], "texture": "#main", "tintindex": 0 },
                "east":  { "uv": [ 0, 8.12499875, 0.12499875, 8.25000125 ], "texture": "#main", "tintindex": 0 },
                "south": { "uv": [ 0.6250012500000001, 8.12499875, 1.00000125, 8.25000125 ], "texture": "#main", "tintindex": 0 },
                "west":  { "uv": [ 0.49999874999999994, 8.12499875, 0.6250012500000001, 8.25000125 ], "texture": "#main", "tintindex": 0 },
                "up":    { "uv": [ 0.49999874999999994, 8.12499875, 0.12499875, 8 ], "texture": "#main", "tintindex": 0 },
                "down":  { "uv": [ 0.87499875, 8, 0.49999874999999994, 8.12499875 ], "texture": "#main", "tintindex": 0 }
            }
        },
        {
            "from": [ 10.5, 0, 11 ],
            "to":   [ 11.5, 3, 11 ],
            "rotation": { "angle": 45, "axis": "x", "origin": [8, 3, 11] },
            "faces": {
                "north": { "uv": [ 0, 8.375, 0.12499875, 8.75 ], "texture": "#main", "tintindex": 0 },
                "east":  { "uv": [ 0, 8.375, 0, 8.75 ], "texture": "#main", "tintindex": 0 },
                "south": { "uv": [ 0.12499875, 8.375, 0.25000125, 8.75 ], "texture": "#main", "tintindex": 0 },
                "west":  { "uv": [ 0.12499875, 8.375, 0.12499875, 8.75 ], "texture": "#main", "tintindex": 0 },
                "up":    { "uv": [ 0.12499875, 8.375, 0, 8.375 ], "texture": "#main", "tintindex": 0 },
                "down":  { "uv": [ 0.25000125, 8.375, 0.12499875, 8.375 ], "texture": "#main", "tintindex": 0 }
            }
        },
        {
            "from": [ 10.5, 0, 10 ],
            "to":   [ 11.5, 0, 11 ],
            "rotation": { "angle": 45, "axis": "x", "origin": [8, 3, 11] },
            "faces": {
                "north": { "uv": [ 0.12499875, 8.375, 0.25000125, 8.375 ], "texture": "#main", "tintindex": 0 },
                "east":  { "uv": [ 0, 8.375, 0.12499875, 8.375 ], "texture": "#main", "tintindex": 0 },
                "south": { "uv": [ 0.375, 8.375, 0.49999874999999994, 8.375 ], "texture": "#main", "tintindex": 0 },
                "west":  { "uv": [ 0.25000125, 8.375, 0.375, 8.375 ], "texture": "#main", "tintindex": 0 },
                "up":    { "uv": [ 0.25000125, 8.375, 0.12499875, 8.25000125 ], "texture": "#main", "tintindex": 0 },
                "down":  { "uv": [ 0.375, 8.25000125, 0.25000125, 8.375 ], "texture": "#main", "tintindex": 0 }
            }
        },
        {
            "from": [ 4.5, 3, 11 ],
            "to":   [ 5.5, 3, 14 ],
            "shade": false,
            "rotation": { "angle": 45, "axis": "x", "origin": [8, 3, 11] },
            "faces": {
                "north": { "uv": [ 0, 8.375, 0.12499875, 8.375 ], "rotation":180, "texture": "#main", "tintindex": 0 },
                "east":  { "uv": [ 0.12499875, 8.375, 0.12499875, 8.75 ], "rotation":90, "texture": "#main", "tintindex": 0 },
                "south": { "uv": [ 0.12499875, 8.375, 0.25000125, 8.375 ], "texture": "#main", "tintindex": 0 },
                "west":  { "uv": [ 0, 8.375, 0, 8.75 ], "rotation":270, "texture": "#main", "tintindex": 0 },
                "up":    { "uv": [ 0.25000125, 8.375, 0.12499875, 8.75 ], "texture": "#main", "tintindex": 0 },
                "down":  { "uv": [ 0.12499875, 8.375, 0, 8.75 ], "rotation":180, "texture": "#main", "tintindex": 0 }
            }
        },
        {
            "from": [ 4.5, 2, 14 ],
            "to":   [ 5.5, 3, 14 ],
            "shade": false,
            "rotation": { "angle": 45, "axis": "x", "origin": [8, 3, 11] },
            "faces": {
                "north": { "uv": [ 0.12499875, 8.375, 0.25000125, 8.25000125 ], "rotation":180, "texture": "#main", "tintindex": 0 },
                "east":  { "uv": [ 0.375, 8.375, 0.25000125, 8.375 ], "rotation":90, "texture": "#main", "tintindex": 0 },
                "south": { "uv": [ 0.25000125, 8.25000125, 0.375, 8.375 ], "texture": "#main", "tintindex": 0 },
                "west":  { "uv": [ 0.12499875, 8.375, 0, 8.375 ], "rotation":270, "texture": "#main", "tintindex": 0 },
                "up":    { "uv": [ 0.49999874999999994, 8.375, 0.375, 8.375 ], "texture": "#main", "tintindex": 0 },
                "down":  { "uv": [ 0.25000125, 8.375, 0.12499875, 8.375 ], "rotation":180, "texture": "#main", "tintindex": 0 }
            }
        },
        {
            "from": [ 3, 5, 6 ],
            "to":   [ 4, 10, 12 ],
            "shade": false,
            "faces": {
                "north": { "uv": [ 2.625, 12.125, 2.50000125, 12.75000125 ], "texture": "#main", "tintindex": 0 },
                "east":  { "uv": [ 3.375, 12.125, 2.625, 12.75000125 ], "texture": "#main", "tintindex": 0 },
                "south": { "uv": [ 3.49999875, 12.125, 3.375, 12.75000125 ], "texture": "#main", "tintindex": 0 },
                "west":  { "uv": [ 2.50000125, 12.125, 1.75000125, 12.75000125 ], "texture": "#main", "tintindex": 0 },
                "up":    { "uv": [ 2.50000125, 12.125, 2.625, 11.375 ], "texture": "#main", "tintindex": 0 },
                "down":  { "uv": [ 2.625, 11.375, 2.74999875, 12.125 ], "texture": "#main", "tintindex": 0 }
            }
        },
        {
            "from": [ 12, 5, 6 ],
            "to":   [ 13, 10, 12 ],
            "faces": {
                "north": { "uv": [ 2.50000125, 12.125, 2.625, 12.75000125 ], "texture": "#main", "tintindex": 0 },
                "east":  { "uv": [ 1.75000125, 12.125, 2.50000125, 12.75000125 ], "texture": "#main", "tintindex": 0 },
                "south": { "uv": [ 3.375, 12.125, 3.49999875, 12.75000125 ], "texture": "#main", "tintindex": 0 },
                "west":  { "uv": [ 2.625, 12.125, 3.375, 12.75000125 ], "texture": "#main", "tintindex": 0 },
                "up":    { "uv": [ 2.625, 12.125, 2.50000125, 11.375 ], "texture": "#main", "tintindex": 0 },
                "down":  { "uv": [ 2.74999875, 11.375, 2.625, 12.125 ], "texture": "#main", "tintindex": 0 }
            }
        }
    ],
  	"display": {
  		"ground": {
  			"rotation": [-180, 0, -180],
  			"translation": [0, -9.5, -6.25]
  		},
  		"head": {
  			"translation": [22.75, -26, -3.25],
  			"scale": [1.6, 1.6, 1.6]
  		}
  	},
    "groups": [
        {
            "name": "Entire",
            "origin": [
                8,
                8,
                8
            ],
            "color": 0,
            "children": [
                {
                    "name": "Body",
                    "origin": [
                        8,
                        8,
                        8
                    ],
                    "color": 0,
                    "children": [
                        0,
                        1
                    ]
                },
                {
                    "name": "Head",
                    "origin": [
                        8,
                        8,
                        8
                    ],
                    "color": 0,
                    "children": [
                        2,
                        3,
                        4
                    ]
                },
                {
                    "name": "Limbs",
                    "origin": [
                        8,
                        8,
                        8
                    ],
                    "color": 0,
                    "children": [
                        5,
                        6,
                        7,
                        8,
                        9,
                        10
                    ]
                }
            ]
        }
    ],
    "__comment": "Model animated using Fizzy's model animator - http://fizzy81.github.io/animated-models/"
}
