{
	"texture_size": [96, 96],
	"textures": {
		"0": "dnd:entity/pachycephalosaurus"
	},
	"elements": [
		{
			"from": [5.5, 6.28571, -15],
			"to": [10.5, 12.28571, -8],
			"rotation": {"angle": 22.5, "axis": "x", "origin": [8, 8, -3.35643]},
			"faces": {
				"north": {"uv": [1.16667, 3.66667, 2, 4.66667], "texture": "#0"},
				"east": {"uv": [0, 3.66667, 1.16667, 4.66667], "texture": "#0"},
				"south": {"uv": [3.16667, 3.66667, 4, 4.66667], "texture": "#0"},
				"west": {"uv": [2, 3.66667, 3.16667, 4.66667], "texture": "#0"},
				"up": {"uv": [2, 3.66667, 1.16667, 2.5], "texture": "#0"},
				"down": {"uv": [2.83333, 2.5, 2, 3.66667], "texture": "#0"}
			}
		},
		{
			"from": [4.98, 13.17916, -11.4178],
			"to": [11.02, 19.21916, -5.3778],
			"rotation": {"angle": 22.5, "axis": "x", "origin": [8, 20, -3.35643]},
			"faces": {
				"north": {"uv": [4, 2.5, 5, 3.5], "texture": "#0"},
				"east": {"uv": [3, 2.5, 4, 3.5], "texture": "#0"},
				"south": {"uv": [6, 2.5, 7, 3.5], "texture": "#0"},
				"west": {"uv": [5, 2.5, 6, 3.5], "texture": "#0"},
				"up": {"uv": [5, 2.5, 4, 1.5], "texture": "#0"},
				"down": {"uv": [6, 1.5, 5, 2.5], "texture": "#0"}
			}
		},
		{
			"from": [6.5, 14.12304, -14.79048],
			"to": [9.5, 18.12304, -11.79048],
			"rotation": {"angle": 22.5, "axis": "x", "origin": [8, 19, -3.35643]},
			"faces": {
				"north": {"uv": [3.33333, 0.5, 3.83333, 1.16667], "texture": "#0"},
				"east": {"uv": [2.83333, 0.5, 3.33333, 1.16667], "texture": "#0"},
				"south": {"uv": [4.33333, 0.5, 4.83333, 1.16667], "texture": "#0"},
				"west": {"uv": [3.83333, 0.5, 4.33333, 1.16667], "texture": "#0"},
				"up": {"uv": [3.83333, 0.5, 3.33333, 0], "texture": "#0"},
				"down": {"uv": [4.33333, 0, 3.83333, 0.5], "texture": "#0"}
			}
		},
		{
			"from": [4.49, 17.27571, -10.01],
			"to": [6.51, 19.29571, -7.99],
			"shade": false,
			"rotation": {"angle": 22.5, "axis": "x", "origin": [8, 8, -3.35643]},
			"faces": {
				"north": {"uv": [0.66667, 5, 0.33333, 5.33333], "texture": "#0"},
				"east": {"uv": [1, 5, 0.66667, 5.33333], "texture": "#0"},
				"south": {"uv": [1.33333, 5, 1, 5.33333], "texture": "#0"},
				"west": {"uv": [0.33333, 5, 0, 5.33333], "texture": "#0"},
				"up": {"uv": [0.33333, 5, 0.66667, 4.66667], "texture": "#0"},
				"down": {"uv": [0.66667, 4.66667, 1, 5], "texture": "#0"}
			}
		},
		{
			"from": [5.5, 12.28571, -16],
			"to": [10.5, 20.28571, -9],
			"rotation": {"angle": 22.5, "axis": "x", "origin": [8, 8, -3.35643]},
			"faces": {
				"north": {"uv": [1.16667, 1.16667, 2, 2.5], "texture": "#0"},
				"east": {"uv": [0, 1.16667, 1.16667, 2.5], "texture": "#0"},
				"south": {"uv": [3.16667, 1.16667, 4, 2.5], "texture": "#0"},
				"west": {"uv": [2, 1.16667, 3.16667, 2.5], "texture": "#0"},
				"up": {"uv": [2, 1.16667, 1.16667, 0], "texture": "#0"},
				"down": {"uv": [2.83333, 0, 2, 1.16667], "texture": "#0"}
			}
		},
		{
			"from": [9.49, 17.27571, -10.01],
			"to": [11.51, 19.29571, -7.99],
			"rotation": {"angle": 22.5, "axis": "x", "origin": [8, 8, -3.35643]},
			"faces": {
				"north": {"uv": [0.33333, 5, 0.66667, 5.33333], "texture": "#0"},
				"east": {"uv": [0, 5, 0.33333, 5.33333], "texture": "#0"},
				"south": {"uv": [1, 5, 1.33333, 5.33333], "texture": "#0"},
				"west": {"uv": [0.66667, 5, 1, 5.33333], "texture": "#0"},
				"up": {"uv": [0.66667, 5, 0.33333, 4.66667], "texture": "#0"},
				"down": {"uv": [1, 4.66667, 0.66667, 5], "texture": "#0"}
			}
		},
		{
			"from": [3.5, 3.28571, -8],
			"to": [12.5, 14.28571, 14.1],
			"rotation": {"angle": 22.5, "axis": "x", "origin": [8, 8, -3.35643]},
			"faces": {
				"north": {"uv": [3.66667, 12, 5.16667, 13.83333], "texture": "#0"},
				"east": {"uv": [0, 12, 3.66667, 13.83333], "texture": "#0"},
				"south": {"uv": [8.83333, 12, 10.33333, 13.83333], "texture": "#0"},
				"west": {"uv": [5.16667, 12, 8.83333, 13.83333], "texture": "#0"},
				"up": {"uv": [5.16667, 12, 3.66667, 8.33333], "texture": "#0"},
				"down": {"uv": [6.66667, 8.33333, 5.16667, 12], "texture": "#0"}
			}
		},
		{
			"from": [5.5, 0.48301, -12.15516],
			"to": [10.5, 7.48301, 30.94484],
			"rotation": {"angle": 22.5, "axis": "x", "origin": [6, -60.39815, -4.41159]},
			"faces": {
				"north": {"uv": [7.16667, 7.16667, 8, 8.33333], "texture": "#0"},
				"east": {"uv": [0, 7.16667, 7.16667, 8.33333], "texture": "#0"},
				"south": {"uv": [15.16667, 7.16667, 16, 8.33333], "texture": "#0"},
				"west": {"uv": [8, 7.16667, 15.16667, 8.33333], "texture": "#0"},
				"up": {"uv": [8, 7.16667, 7.16667, 0], "texture": "#0"},
				"down": {"uv": [8.83333, 0, 8, 7.16667], "texture": "#0"}
			}
		},
		{
			"from": [2.5, -3.71429, 4],
			"to": [6.5, 8.28571, 8],
			"shade": false,
			"rotation": {"angle": 22.5, "axis": "x", "origin": [8, 8, -3.35643]},
			"faces": {
				"north": {"uv": [5.33333, 4.16667, 4.66667, 6.16667], "texture": "#0"},
				"east": {"uv": [6, 4.16667, 5.33333, 6.16667], "texture": "#0"},
				"south": {"uv": [6.66667, 4.16667, 6, 6.16667], "texture": "#0"},
				"west": {"uv": [4.66667, 4.16667, 4, 6.16667], "texture": "#0"},
				"up": {"uv": [4.66667, 4.16667, 5.33333, 3.5], "texture": "#0"},
				"down": {"uv": [5.33333, 3.5, 6, 4.16667], "texture": "#0"}
			}
		},
		{
			"from": [2.5, -3.71429, 3],
			"to": [6.5, -2.71429, 4],
			"shade": false,
			"rotation": {"angle": 22.5, "axis": "x", "origin": [8, 8, -3.35643]},
			"faces": {
				"north": {"uv": [5.16667, 0.16667, 4.5, 0.33333], "texture": "#0"},
				"east": {"uv": [5.33333, 0.16667, 5.16667, 0.33333], "texture": "#0"},
				"south": {"uv": [6, 0.16667, 5.33333, 0.33333], "texture": "#0"},
				"west": {"uv": [4.5, 0.16667, 4.33333, 0.33333], "texture": "#0"},
				"up": {"uv": [4.5, 0.16667, 5.16667, 0], "texture": "#0"},
				"down": {"uv": [5.16667, 0, 5.83333, 0.16667], "texture": "#0"}
			}
		},
		{
			"from": [9.5, -3.71429, 4],
			"to": [13.5, 8.28571, 8],
			"rotation": {"angle": 22.5, "axis": "x", "origin": [8, 8, -3.35643]},
			"faces": {
				"north": {"uv": [4.66667, 4.16667, 5.33333, 6.16667], "texture": "#0"},
				"east": {"uv": [4, 4.16667, 4.66667, 6.16667], "texture": "#0"},
				"south": {"uv": [6, 4.16667, 6.66667, 6.16667], "texture": "#0"},
				"west": {"uv": [5.33333, 4.16667, 6, 6.16667], "texture": "#0"},
				"up": {"uv": [5.33333, 4.16667, 4.66667, 3.5], "texture": "#0"},
				"down": {"uv": [6, 3.5, 5.33333, 4.16667], "texture": "#0"}
			}
		},
		{
			"from": [9.5, -3.71429, 3],
			"to": [13.5, -2.71429, 4],
			"rotation": {"angle": 22.5, "axis": "x", "origin": [8, 8, -3.35643]},
			"faces": {
				"north": {"uv": [4.5, 0.16667, 5.16667, 0.33333], "texture": "#0"},
				"east": {"uv": [4.33333, 0.16667, 4.5, 0.33333], "texture": "#0"},
				"south": {"uv": [5.33333, 0.16667, 6, 0.33333], "texture": "#0"},
				"west": {"uv": [5.16667, 0.16667, 5.33333, 0.33333], "texture": "#0"},
				"up": {"uv": [5.16667, 0.16667, 4.5, 0], "texture": "#0"},
				"down": {"uv": [5.83333, 0, 5.16667, 0.16667], "texture": "#0"}
			}
		},
		{
			"from": [3, -0.71429, -6],
			"to": [5, 4.28571, -4],
			"shade": false,
			"rotation": {"angle": 22.5, "axis": "x", "origin": [8, 8, -3.35643]},
			"faces": {
				"north": {"uv": [2.33333, 5, 2, 5.83333], "texture": "#0"},
				"east": {"uv": [2.66667, 5, 2.33333, 5.83333], "texture": "#0"},
				"south": {"uv": [3, 5, 2.66667, 5.83333], "texture": "#0"},
				"west": {"uv": [2, 5, 1.66667, 5.83333], "texture": "#0"},
				"up": {"uv": [2, 5, 2.33333, 4.66667], "texture": "#0"},
				"down": {"uv": [2.33333, 4.66667, 2.66667, 5], "texture": "#0"}
			}
		},
		{
			"from": [11, -0.71429, -6],
			"to": [13, 4.28571, -4],
			"rotation": {"angle": 22.5, "axis": "x", "origin": [8, 8, -3.35643]},
			"faces": {
				"north": {"uv": [2, 5, 2.33333, 5.83333], "texture": "#0"},
				"east": {"uv": [1.66667, 5, 2, 5.83333], "texture": "#0"},
				"south": {"uv": [2.66667, 5, 3, 5.83333], "texture": "#0"},
				"west": {"uv": [2.33333, 5, 2.66667, 5.83333], "texture": "#0"},
				"up": {"uv": [2.33333, 5, 2, 4.66667], "texture": "#0"},
				"down": {"uv": [2.66667, 4.66667, 2.33333, 5], "texture": "#0"}
			}
		}
	],
	"display": {
		"ground": {
			"rotation": [-157.5, 0, -180],
			"translation": [0, -1.5, -5]
		},
		"fixed": {
			"rotation": [-67, 0, 0],
			"translation": [0, -0.5, -79],
			"scale": [4, 4, 4]
		}
	},
	"groups": [
		{
			"name": "Entire",
			"origin": [0, 0, 0],
			"color": 0,
			"children": [
				{
					"name": "Head",
					"origin": [0, 0, -2],
					"color": 0,
					"children": [0, 1, 2, 3, 4, 5]
				},
				{
					"name": "Body",
					"origin": [0, 0, -2],
					"color": 0,
					"children": [6, 7]
				},
				{
					"name": "Limbs",
					"origin": [0, 0, -2],
					"color": 0,
					"children": [8, 9, 10, 11, 12, 13]
				}
			]
		}
	]
}
