{
    "texture_size": [
        256,
        256
    ],
    "textures": {
        "main": "dnd:entity/baby/corythosaurus_walking"
    },
    "elements": [
        {
            "from": [ 3.1375, 1, -6.5 ],
            "to":   [ 13.1375, 13.5, 13.5 ],
            "rotation": { "angle": 22.5, "axis": "x", "origin": [8.1375, 4.69091, 3.97728] },
            "faces": {
                "north": { "uv": [ 1.25, 1.25, 1.875, 2.03125 ], "texture": "#main", "tintindex":0 },
                "east":  { "uv": [ 0, 1.25, 1.25, 2.03125 ], "texture": "#main", "tintindex":0 },
                "south": { "uv": [ 3.125, 1.25, 3.75, 2.03125 ], "texture": "#main", "tintindex":0 },
                "west":  { "uv": [ 1.875, 1.25, 3.125, 2.03125 ], "texture": "#main", "tintindex":0 },
                "up":    { "uv": [ 1.875, 1.25, 1.25, 0 ], "texture": "#main", "tintindex":0 },
                "down":  { "uv": [ 2.5, 0, 1.875, 1.25 ], "texture": "#main", "tintindex":0 }
            }
        },
        {
            "from": [ 4.5, 3.01921, -2.51454 ],
            "to":   [ 11.5, 10.01921, 11.98546 ],
            "rotation": { "angle": 22.5, "axis": "x", "origin": [8, -37.05476, 3.46273] },
            "faces": {
                "north": { "uv": [ 0.90625, 2.9375, 1.34375, 3.375 ], "texture": "#main", "tintindex":0 },
                "east":  { "uv": [ 0, 2.9375, 0.90625, 3.375 ], "texture": "#main", "tintindex":0 },
                "south": { "uv": [ 2.25, 2.9375, 2.6875, 3.375 ], "texture": "#main", "tintindex":0 },
                "west":  { "uv": [ 1.34375, 2.9375, 2.25, 3.375 ], "texture": "#main", "tintindex":0 },
                "up":    { "uv": [ 1.34375, 2.9375, 0.90625, 2.03125 ], "texture": "#main", "tintindex":0 },
                "down":  { "uv": [ 1.78125, 2.03125, 1.34375, 2.9375 ], "texture": "#main", "tintindex":0 }
            }
        },
        {
            "from": [ 6, 4.03561, -1.1282 ],
            "to":   [ 10, 9.03561, 11.3718 ],
            "rotation": { "angle": 22.5, "axis": "x", "origin": [8, -70.25996, -1.87849] },
            "faces": {
                "north": { "uv": [ 3.28125, 0.78125, 3.53125, 1.09375 ], "texture": "#main", "tintindex":0 },
                "east":  { "uv": [ 2.5, 0.78125, 3.28125, 1.09375 ], "texture": "#main", "tintindex":0 },
                "south": { "uv": [ 4.3125, 0.78125, 4.5625, 1.09375 ], "texture": "#main", "tintindex":0 },
                "west":  { "uv": [ 3.53125, 0.78125, 4.3125, 1.09375 ], "texture": "#main", "tintindex":0 },
                "up":    { "uv": [ 3.53125, 0.78125, 3.28125, 0 ], "texture": "#main", "tintindex":0 },
                "down":  { "uv": [ 3.78125, 0, 3.53125, 0.78125 ], "texture": "#main", "tintindex":0 }
            }
        },
        {
            "from": [ 5.0125, 1.90455, 13.17052 ],
            "to":   [ 11.0125, 15.00455, 24.17052 ],
            "rotation": { "angle": 22.5, "axis": "x", "origin": [8.0125, 80.38182, 19.95455] },
            "faces": {
                "north": { "uv": [ 2.125, 2.375, 2.3125, 2.78125 ], "texture": "#main", "tintindex":0 },
                "east":  { "uv": [ 1.78125, 2.375, 2.125, 2.78125 ], "texture": "#main", "tintindex":0 },
                "south": { "uv": [ 2.65625, 2.375, 2.84375, 2.78125 ], "texture": "#main", "tintindex":0 },
                "west":  { "uv": [ 2.3125, 2.375, 2.65625, 2.78125 ], "texture": "#main", "tintindex":0 },
                "up":    { "uv": [ 2.3125, 2.375, 2.125, 2.03125 ], "texture": "#main", "tintindex":0 },
                "down":  { "uv": [ 2.5, 2.03125, 2.3125, 2.375 ], "texture": "#main", "tintindex":0 }
            }
        },
        {
            "from": [ 6.0125, 8.90455, 8.17052 ],
            "to":   [ 10.0125, 15.00455, 13.17052 ],
            "rotation": { "angle": 22.5, "axis": "x", "origin": [8.0125, 80.38182, 19.95455] },
            "faces": {
                "north": { "uv": [ 2.65625, 0.59375, 2.78125, 0.78125 ], "texture": "#main", "tintindex":0 },
                "east":  { "uv": [ 2.5, 0.59375, 2.65625, 0.78125 ], "texture": "#main", "tintindex":0 },
                "south": { "uv": [ 2.9375, 0.59375, 3.0625, 0.78125 ], "texture": "#main", "tintindex":0 },
                "west":  { "uv": [ 2.78125, 0.59375, 2.9375, 0.78125 ], "texture": "#main", "tintindex":0 },
                "up":    { "uv": [ 2.78125, 0.59375, 2.65625, 0.4375 ], "texture": "#main", "tintindex":0 },
                "down":  { "uv": [ 2.90625, 0.4375, 2.78125, 0.59375 ], "texture": "#main", "tintindex":0 }
            }
        },
        {
            "from": [ 7.0125, 14.90455, 14.17052 ],
            "to":   [ 9.0125, 20.00455, 21.17052 ],
            "rotation": { "angle": 22.5, "axis": "x", "origin": [8.0125, 80.38182, 19.95455] },
            "faces": {
                "north": { "uv": [ 2.71875, 0.21875, 2.78125, 0.375 ], "texture": "#main", "tintindex":0 },
                "east":  { "uv": [ 2.5, 0.21875, 2.71875, 0.375 ], "texture": "#main", "tintindex":0 },
                "south": { "uv": [ 3, 0.21875, 3.0625, 0.375 ], "texture": "#main", "tintindex":0 },
                "west":  { "uv": [ 2.78125, 0.21875, 3, 0.375 ], "texture": "#main", "tintindex":0 },
                "up":    { "uv": [ 2.78125, 0.21875, 2.71875, 0 ], "texture": "#main", "tintindex":0 },
                "down":  { "uv": [ 2.84375, 0, 2.78125, 0.21875 ], "texture": "#main", "tintindex":0 }
            }
        },
        {
            "from": [ 10.1375, -7.5, 5.5 ],
            "to":   [ 14.1375, 7.5, 10.5 ],
            "rotation": { "angle": 22.5, "axis": "x", "origin": [8.1375, 4.69091, 3.97728] },
            "faces": {
                "north": { "uv": [ 0.3125, 0.3125, 0.5625, 1.25 ], "texture": "#main", "tintindex":0 },
                "east":  { "uv": [ 0, 0.3125, 0.3125, 1.25 ], "texture": "#main", "tintindex":0 },
                "south": { "uv": [ 0.875, 0.3125, 1.125, 1.25 ], "texture": "#main", "tintindex":0 },
                "west":  { "uv": [ 0.5625, 0.3125, 0.875, 1.25 ], "texture": "#main", "tintindex":0 },
                "up":    { "uv": [ 0.5625, 0.3125, 0.3125, 0 ], "texture": "#main", "tintindex":0 },
                "down":  { "uv": [ 0.8125, 0, 0.5625, 0.3125 ], "texture": "#main", "tintindex":0 }
            }
        },
        {
            "from": [ 2.1375, -7.5, 5.5 ],
            "to":   [ 6.1375, 7.5, 10.5 ],
            "shade": false,
            "rotation": { "angle": 22.5, "axis": "x", "origin": [8.1375, 4.69091, 3.97728] },
            "faces": {
                "north": { "uv": [ 0.5625, 0.3125, 0.3125, 1.25 ], "texture": "#main", "tintindex":0 },
                "east":  { "uv": [ 0.875, 0.3125, 0.5625, 1.25 ], "texture": "#main", "tintindex":0 },
                "south": { "uv": [ 1.125, 0.3125, 0.875, 1.25 ], "texture": "#main", "tintindex":0 },
                "west":  { "uv": [ 0.3125, 0.3125, 0, 1.25 ], "texture": "#main", "tintindex":0 },
                "up":    { "uv": [ 0.3125, 0.3125, 0.5625, 0 ], "texture": "#main", "tintindex":0 },
                "down":  { "uv": [ 0.5625, 0, 0.8125, 0.3125 ], "texture": "#main", "tintindex":0 }
            }
        },
        {
            "from": [ 11.1375, -7.5, -5.5 ],
            "to":   [ 13.6375, 3.5, -3 ],
            "rotation": { "angle": 22.5, "axis": "x", "origin": [8.1375, 4.69091, 3.97728] },
            "faces": {
                "north": { "uv": [ 0.15625, 2.1875, 0.3125, 2.875 ], "texture": "#main", "tintindex":0 },
                "east":  { "uv": [ 0, 2.1875, 0.15625, 2.875 ], "texture": "#main", "tintindex":0 },
                "south": { "uv": [ 0.46875, 2.1875, 0.625, 2.875 ], "texture": "#main", "tintindex":0 },
                "west":  { "uv": [ 0.3125, 2.1875, 0.46875, 2.875 ], "texture": "#main", "tintindex":0 },
                "up":    { "uv": [ 0.3125, 2.1875, 0.15625, 2.03125 ], "texture": "#main", "tintindex":0 },
                "down":  { "uv": [ 0.46875, 2.03125, 0.3125, 2.1875 ], "texture": "#main", "tintindex":0 }
            }
        },
        {
            "from": [ 2.6375, -7.5, -5.5 ],
            "to":   [ 5.1375, 3.5, -3 ],
            "shade": false,
            "rotation": { "angle": 22.5, "axis": "x", "origin": [8.1375, 4.69091, 3.97728] },
            "faces": {
                "north": { "uv": [ 0.3125, 2.1875, 0.15625, 2.875 ], "texture": "#main", "tintindex":0 },
                "east":  { "uv": [ 0.46875, 2.1875, 0.3125, 2.875 ], "texture": "#main", "tintindex":0 },
                "south": { "uv": [ 0.625, 2.1875, 0.46875, 2.875 ], "texture": "#main", "tintindex":0 },
                "west":  { "uv": [ 0.15625, 2.1875, 0, 2.875 ], "texture": "#main", "tintindex":0 },
                "up":    { "uv": [ 0.15625, 2.1875, 0.3125, 2.03125 ], "texture": "#main", "tintindex":0 },
                "down":  { "uv": [ 0.3125, 2.03125, 0.46875, 2.1875 ], "texture": "#main", "tintindex":0 }
            }
        },
        {
            "from": [ 3.1375, 1, -6.5 ],
            "to":   [ 13.1375, 13.5, 13.5 ],
            "rotation": { "angle": 22.5, "axis": "x", "origin": [8.1375, 4.69091, 3.97728] },
            "faces": {
                "north": { "uv": [ 9.25, 1.25, 9.875, 2.03125 ], "texture": "#main", "tintindex":0 },
                "east":  { "uv": [ 8, 1.25, 9.25, 2.03125 ], "texture": "#main", "tintindex":0 },
                "south": { "uv": [ 11.125, 1.25, 11.75, 2.03125 ], "texture": "#main", "tintindex":0 },
                "west":  { "uv": [ 9.875, 1.25, 11.125, 2.03125 ], "texture": "#main", "tintindex":0 },
                "up":    { "uv": [ 9.875, 1.25, 9.25, 0 ], "texture": "#main", "tintindex":0 },
                "down":  { "uv": [ 10.5, 0, 9.875, 1.25 ], "texture": "#main", "tintindex":0 }
            }
        },
        {
            "from": [ 4.5, 3.01921, -2.51454 ],
            "to":   [ 11.5, 10.01921, 11.98546 ],
            "rotation": { "angle": 22.5, "axis": "x", "origin": [8, -37.05476, 3.46273] },
            "faces": {
                "north": { "uv": [ 8.90625, 2.9375, 9.34375, 3.375 ], "texture": "#main", "tintindex":0 },
                "east":  { "uv": [ 8, 2.9375, 8.90625, 3.375 ], "texture": "#main", "tintindex":0 },
                "south": { "uv": [ 10.25, 2.9375, 10.6875, 3.375 ], "texture": "#main", "tintindex":0 },
                "west":  { "uv": [ 9.34375, 2.9375, 10.25, 3.375 ], "texture": "#main", "tintindex":0 },
                "up":    { "uv": [ 9.34375, 2.9375, 8.90625, 2.03125 ], "texture": "#main", "tintindex":0 },
                "down":  { "uv": [ 9.78125, 2.03125, 9.34375, 2.9375 ], "texture": "#main", "tintindex":0 }
            }
        },
        {
            "from": [ 6, 4.03561, -1.1282 ],
            "to":   [ 10, 9.03561, 11.3718 ],
            "rotation": { "angle": 22.5, "axis": "x", "origin": [8, -70.25996, -1.87849] },
            "faces": {
                "north": { "uv": [ 11.28125, 0.78125, 11.53125, 1.09375 ], "texture": "#main", "tintindex":0 },
                "east":  { "uv": [ 10.5, 0.78125, 11.28125, 1.09375 ], "texture": "#main", "tintindex":0 },
                "south": { "uv": [ 12.3125, 0.78125, 12.5625, 1.09375 ], "texture": "#main", "tintindex":0 },
                "west":  { "uv": [ 11.53125, 0.78125, 12.3125, 1.09375 ], "texture": "#main", "tintindex":0 },
                "up":    { "uv": [ 11.53125, 0.78125, 11.28125, 0 ], "texture": "#main", "tintindex":0 },
                "down":  { "uv": [ 11.78125, 0, 11.53125, 0.78125 ], "texture": "#main", "tintindex":0 }
            }
        },
        {
            "from": [ 5.0125, 1.90455, 13.17052 ],
            "to":   [ 11.0125, 15.00455, 24.17052 ],
            "rotation": { "angle": 22.5, "axis": "x", "origin": [8.0125, 80.38182, 19.95455] },
            "faces": {
                "north": { "uv": [ 10.125, 2.375, 10.3125, 2.78125 ], "texture": "#main", "tintindex":0 },
                "east":  { "uv": [ 9.78125, 2.375, 10.125, 2.78125 ], "texture": "#main", "tintindex":0 },
                "south": { "uv": [ 10.65625, 2.375, 10.84375, 2.78125 ], "texture": "#main", "tintindex":0 },
                "west":  { "uv": [ 10.3125, 2.375, 10.65625, 2.78125 ], "texture": "#main", "tintindex":0 },
                "up":    { "uv": [ 10.3125, 2.375, 10.125, 2.03125 ], "texture": "#main", "tintindex":0 },
                "down":  { "uv": [ 10.5, 2.03125, 10.3125, 2.375 ], "texture": "#main", "tintindex":0 }
            }
        },
        {
            "from": [ 6.0125, 8.90455, 8.17052 ],
            "to":   [ 10.0125, 15.00455, 13.17052 ],
            "rotation": { "angle": 22.5, "axis": "x", "origin": [8.0125, 80.38182, 19.95455] },
            "faces": {
                "north": { "uv": [ 10.65625, 0.59375, 10.78125, 0.78125 ], "texture": "#main", "tintindex":0 },
                "east":  { "uv": [ 10.5, 0.59375, 10.65625, 0.78125 ], "texture": "#main", "tintindex":0 },
                "south": { "uv": [ 10.9375, 0.59375, 11.0625, 0.78125 ], "texture": "#main", "tintindex":0 },
                "west":  { "uv": [ 10.78125, 0.59375, 10.9375, 0.78125 ], "texture": "#main", "tintindex":0 },
                "up":    { "uv": [ 10.78125, 0.59375, 10.65625, 0.4375 ], "texture": "#main", "tintindex":0 },
                "down":  { "uv": [ 10.90625, 0.4375, 10.78125, 0.59375 ], "texture": "#main", "tintindex":0 }
            }
        },
        {
            "from": [ 7.0125, 14.90455, 14.17052 ],
            "to":   [ 9.0125, 20.00455, 21.17052 ],
            "rotation": { "angle": 22.5, "axis": "x", "origin": [8.0125, 80.38182, 19.95455] },
            "faces": {
                "north": { "uv": [ 10.71875, 0.21875, 10.78125, 0.375 ], "texture": "#main", "tintindex":0 },
                "east":  { "uv": [ 10.5, 0.21875, 10.71875, 0.375 ], "texture": "#main", "tintindex":0 },
                "south": { "uv": [ 11, 0.21875, 11.0625, 0.375 ], "texture": "#main", "tintindex":0 },
                "west":  { "uv": [ 10.78125, 0.21875, 11, 0.375 ], "texture": "#main", "tintindex":0 },
                "up":    { "uv": [ 10.78125, 0.21875, 10.71875, 0 ], "texture": "#main", "tintindex":0 },
                "down":  { "uv": [ 10.84375, 0, 10.78125, 0.21875 ], "texture": "#main", "tintindex":0 }
            }
        },
        {
            "from": [ 10.1375, -9.29756, 6.3058 ],
            "to":   [ 14.1375, 5.70244, 11.3058 ],
            "rotation": { "angle": 45, "axis": "x", "origin": [8.1375, 5.81765, 8.89866] },
            "faces": {
                "north": { "uv": [ 8.3125, 0.3125, 8.5625, 1.25 ], "texture": "#main", "tintindex":0 },
                "east":  { "uv": [ 8, 0.3125, 8.3125, 1.25 ], "texture": "#main", "tintindex":0 },
                "south": { "uv": [ 8.875, 0.3125, 9.125, 1.25 ], "texture": "#main", "tintindex":0 },
                "west":  { "uv": [ 8.5625, 0.3125, 8.875, 1.25 ], "texture": "#main", "tintindex":0 },
                "up":    { "uv": [ 8.5625, 0.3125, 8.3125, 0 ], "texture": "#main", "tintindex":0 },
                "down":  { "uv": [ 8.8125, 0, 8.5625, 0.3125 ], "texture": "#main", "tintindex":0 }
            }
        },
        {
            "from": [ 2.1375, -9.29756, 6.3058 ],
            "to":   [ 6.1375, 5.70244, 11.3058 ],
            "shade": false,
            "rotation": { "angle": 0, "axis": "x", "origin": [8.1375, 5.81765, 8.89866] },
            "faces": {
                "north": { "uv": [ 8.5625, 0.3125, 8.3125, 1.25 ], "texture": "#main", "tintindex":0 },
                "east":  { "uv": [ 8.875, 0.3125, 8.5625, 1.25 ], "texture": "#main", "tintindex":0 },
                "south": { "uv": [ 9.125, 0.3125, 8.875, 1.25 ], "texture": "#main", "tintindex":0 },
                "west":  { "uv": [ 8.3125, 0.3125, 8, 1.25 ], "texture": "#main", "tintindex":0 },
                "up":    { "uv": [ 8.3125, 0.3125, 8.5625, 0 ], "texture": "#main", "tintindex":0 },
                "down":  { "uv": [ 8.5625, 0, 8.8125, 0.3125 ], "texture": "#main", "tintindex":0 }
            }
        },
        {
            "from": [ 11.1375, -4.22701, -5.36858 ],
            "to":   [ 13.6375, 6.77299, -2.86858 ],
            "rotation": { "angle": 0, "axis": "x", "origin": [8.1375, 6.65776, -4.18424] },
            "faces": {
                "north": { "uv": [ 8.15625, 2.1875, 8.3125, 2.875 ], "texture": "#main", "tintindex":0 },
                "east":  { "uv": [ 8, 2.1875, 8.15625, 2.875 ], "texture": "#main", "tintindex":0 },
                "south": { "uv": [ 8.46875, 2.1875, 8.625, 2.875 ], "texture": "#main", "tintindex":0 },
                "west":  { "uv": [ 8.3125, 2.1875, 8.46875, 2.875 ], "texture": "#main", "tintindex":0 },
                "up":    { "uv": [ 8.3125, 2.1875, 8.15625, 2.03125 ], "texture": "#main", "tintindex":0 },
                "down":  { "uv": [ 8.46875, 2.03125, 8.3125, 2.1875 ], "texture": "#main", "tintindex":0 }
            }
        },
        {
            "from": [ 2.6375, -4.22701, -5.36858 ],
            "to":   [ 5.1375, 6.77299, -2.86858 ],
            "shade": false,
            "rotation": { "angle": 45, "axis": "x", "origin": [8.1375, 6.65776, -4.18424] },
            "faces": {
                "north": { "uv": [ 8.3125, 2.1875, 8.15625, 2.875 ], "texture": "#main", "tintindex":0 },
                "east":  { "uv": [ 8.46875, 2.1875, 8.3125, 2.875 ], "texture": "#main", "tintindex":0 },
                "south": { "uv": [ 8.625, 2.1875, 8.46875, 2.875 ], "texture": "#main", "tintindex":0 },
                "west":  { "uv": [ 8.15625, 2.1875, 8, 2.875 ], "texture": "#main", "tintindex":0 },
                "up":    { "uv": [ 8.15625, 2.1875, 8.3125, 2.03125 ], "texture": "#main", "tintindex":0 },
                "down":  { "uv": [ 8.3125, 2.03125, 8.46875, 2.1875 ], "texture": "#main", "tintindex":0 }
            }
        },
        {
            "from": [ 3.1375, 1, -6.5 ],
            "to":   [ 13.1375, 13.5, 13.5 ],
            "rotation": { "angle": 22.5, "axis": "x", "origin": [8.1375, 4.69091, 3.97728] },
            "faces": {
                "north": { "uv": [ 1.25, 9.25, 1.875, 10.03125 ], "texture": "#main", "tintindex":0 },
                "east":  { "uv": [ 0, 9.25, 1.25, 10.03125 ], "texture": "#main", "tintindex":0 },
                "south": { "uv": [ 3.125, 9.25, 3.75, 10.03125 ], "texture": "#main", "tintindex":0 },
                "west":  { "uv": [ 1.875, 9.25, 3.125, 10.03125 ], "texture": "#main", "tintindex":0 },
                "up":    { "uv": [ 1.875, 9.25, 1.25, 8 ], "texture": "#main", "tintindex":0 },
                "down":  { "uv": [ 2.5, 8, 1.875, 9.25 ], "texture": "#main", "tintindex":0 }
            }
        },
        {
            "from": [ 4.5, 3.01921, -2.51454 ],
            "to":   [ 11.5, 10.01921, 11.98546 ],
            "rotation": { "angle": 22.5, "axis": "x", "origin": [8, -37.05476, 3.46273] },
            "faces": {
                "north": { "uv": [ 0.90625, 10.9375, 1.34375, 11.375 ], "texture": "#main", "tintindex":0 },
                "east":  { "uv": [ 0, 10.9375, 0.90625, 11.375 ], "texture": "#main", "tintindex":0 },
                "south": { "uv": [ 2.25, 10.9375, 2.6875, 11.375 ], "texture": "#main", "tintindex":0 },
                "west":  { "uv": [ 1.34375, 10.9375, 2.25, 11.375 ], "texture": "#main", "tintindex":0 },
                "up":    { "uv": [ 1.34375, 10.9375, 0.90625, 10.03125 ], "texture": "#main", "tintindex":0 },
                "down":  { "uv": [ 1.78125, 10.03125, 1.34375, 10.9375 ], "texture": "#main", "tintindex":0 }
            }
        },
        {
            "from": [ 6, 4.03561, -1.1282 ],
            "to":   [ 10, 9.03561, 11.3718 ],
            "rotation": { "angle": 22.5, "axis": "x", "origin": [8, -70.25996, -1.87849] },
            "faces": {
                "north": { "uv": [ 3.28125, 8.78125, 3.53125, 9.09375 ], "texture": "#main", "tintindex":0 },
                "east":  { "uv": [ 2.5, 8.78125, 3.28125, 9.09375 ], "texture": "#main", "tintindex":0 },
                "south": { "uv": [ 4.3125, 8.78125, 4.5625, 9.09375 ], "texture": "#main", "tintindex":0 },
                "west":  { "uv": [ 3.53125, 8.78125, 4.3125, 9.09375 ], "texture": "#main", "tintindex":0 },
                "up":    { "uv": [ 3.53125, 8.78125, 3.28125, 8 ], "texture": "#main", "tintindex":0 },
                "down":  { "uv": [ 3.78125, 8, 3.53125, 8.78125 ], "texture": "#main", "tintindex":0 }
            }
        },
        {
            "from": [ 5.0125, 1.90455, 13.17052 ],
            "to":   [ 11.0125, 15.00455, 24.17052 ],
            "rotation": { "angle": 22.5, "axis": "x", "origin": [8.0125, 80.38182, 19.95455] },
            "faces": {
                "north": { "uv": [ 2.125, 10.375, 2.3125, 10.78125 ], "texture": "#main", "tintindex":0 },
                "east":  { "uv": [ 1.78125, 10.375, 2.125, 10.78125 ], "texture": "#main", "tintindex":0 },
                "south": { "uv": [ 2.65625, 10.375, 2.84375, 10.78125 ], "texture": "#main", "tintindex":0 },
                "west":  { "uv": [ 2.3125, 10.375, 2.65625, 10.78125 ], "texture": "#main", "tintindex":0 },
                "up":    { "uv": [ 2.3125, 10.375, 2.125, 10.03125 ], "texture": "#main", "tintindex":0 },
                "down":  { "uv": [ 2.5, 10.03125, 2.3125, 10.375 ], "texture": "#main", "tintindex":0 }
            }
        },
        {
            "from": [ 6.0125, 8.90455, 8.17052 ],
            "to":   [ 10.0125, 15.00455, 13.17052 ],
            "rotation": { "angle": 22.5, "axis": "x", "origin": [8.0125, 80.38182, 19.95455] },
            "faces": {
                "north": { "uv": [ 2.65625, 8.59375, 2.78125, 8.78125 ], "texture": "#main", "tintindex":0 },
                "east":  { "uv": [ 2.5, 8.59375, 2.65625, 8.78125 ], "texture": "#main", "tintindex":0 },
                "south": { "uv": [ 2.9375, 8.59375, 3.0625, 8.78125 ], "texture": "#main", "tintindex":0 },
                "west":  { "uv": [ 2.78125, 8.59375, 2.9375, 8.78125 ], "texture": "#main", "tintindex":0 },
                "up":    { "uv": [ 2.78125, 8.59375, 2.65625, 8.4375 ], "texture": "#main", "tintindex":0 },
                "down":  { "uv": [ 2.90625, 8.4375, 2.78125, 8.59375 ], "texture": "#main", "tintindex":0 }
            }
        },
        {
            "from": [ 7.0125, 14.90455, 14.17052 ],
            "to":   [ 9.0125, 20.00455, 21.17052 ],
            "rotation": { "angle": 22.5, "axis": "x", "origin": [8.0125, 80.38182, 19.95455] },
            "faces": {
                "north": { "uv": [ 2.71875, 8.21875, 2.78125, 8.375 ], "texture": "#main", "tintindex":0 },
                "east":  { "uv": [ 2.5, 8.21875, 2.71875, 8.375 ], "texture": "#main", "tintindex":0 },
                "south": { "uv": [ 3, 8.21875, 3.0625, 8.375 ], "texture": "#main", "tintindex":0 },
                "west":  { "uv": [ 2.78125, 8.21875, 3, 8.375 ], "texture": "#main", "tintindex":0 },
                "up":    { "uv": [ 2.78125, 8.21875, 2.71875, 8 ], "texture": "#main", "tintindex":0 },
                "down":  { "uv": [ 2.84375, 8, 2.78125, 8.21875 ], "texture": "#main", "tintindex":0 }
            }
        },
        {
            "from": [ 10.1375, -9.29756, 6.3058 ],
            "to":   [ 14.1375, 5.70244, 11.3058 ],
            "rotation": { "angle": 0, "axis": "x", "origin": [8.1375, 5.81765, 8.89866] },
            "faces": {
                "north": { "uv": [ 0.3125, 8.3125, 0.5625, 9.25 ], "texture": "#main", "tintindex":0 },
                "east":  { "uv": [ 0, 8.3125, 0.3125, 9.25 ], "texture": "#main", "tintindex":0 },
                "south": { "uv": [ 0.875, 8.3125, 1.125, 9.25 ], "texture": "#main", "tintindex":0 },
                "west":  { "uv": [ 0.5625, 8.3125, 0.875, 9.25 ], "texture": "#main", "tintindex":0 },
                "up":    { "uv": [ 0.5625, 8.3125, 0.3125, 8 ], "texture": "#main", "tintindex":0 },
                "down":  { "uv": [ 0.8125, 8, 0.5625, 8.3125 ], "texture": "#main", "tintindex":0 }
            }
        },
        {
            "from": [ 2.1375, -9.29756, 6.3058 ],
            "to":   [ 6.1375, 5.70244, 11.3058 ],
            "shade": false,
            "rotation": { "angle": 45, "axis": "x", "origin": [8.1375, 5.81765, 8.89866] },
            "faces": {
                "north": { "uv": [ 0.5625, 8.3125, 0.3125, 9.25 ], "texture": "#main", "tintindex":0 },
                "east":  { "uv": [ 0.875, 8.3125, 0.5625, 9.25 ], "texture": "#main", "tintindex":0 },
                "south": { "uv": [ 1.125, 8.3125, 0.875, 9.25 ], "texture": "#main", "tintindex":0 },
                "west":  { "uv": [ 0.3125, 8.3125, 0, 9.25 ], "texture": "#main", "tintindex":0 },
                "up":    { "uv": [ 0.3125, 8.3125, 0.5625, 8 ], "texture": "#main", "tintindex":0 },
                "down":  { "uv": [ 0.5625, 8, 0.8125, 8.3125 ], "texture": "#main", "tintindex":0 }
            }
        },
        {
            "from": [ 11.1375, -4.22701, -5.36858 ],
            "to":   [ 13.6375, 6.77299, -2.86858 ],
            "rotation": { "angle": 45, "axis": "x", "origin": [8.1375, 6.65776, -4.18424] },
            "faces": {
                "north": { "uv": [ 0.15625, 10.1875, 0.3125, 10.875 ], "texture": "#main", "tintindex":0 },
                "east":  { "uv": [ 0, 10.1875, 0.15625, 10.875 ], "texture": "#main", "tintindex":0 },
                "south": { "uv": [ 0.46875, 10.1875, 0.625, 10.875 ], "texture": "#main", "tintindex":0 },
                "west":  { "uv": [ 0.3125, 10.1875, 0.46875, 10.875 ], "texture": "#main", "tintindex":0 },
                "up":    { "uv": [ 0.3125, 10.1875, 0.15625, 10.03125 ], "texture": "#main", "tintindex":0 },
                "down":  { "uv": [ 0.46875, 10.03125, 0.3125, 10.1875 ], "texture": "#main", "tintindex":0 }
            }
        },
        {
            "from": [ 2.6375, -4.22701, -5.36858 ],
            "to":   [ 5.1375, 6.77299, -2.86858 ],
            "shade": false,
            "rotation": { "angle": 0, "axis": "x", "origin": [8.1375, 6.65776, -4.18424] },
            "faces": {
                "north": { "uv": [ 0.3125, 10.1875, 0.15625, 10.875 ], "texture": "#main", "tintindex":0 },
                "east":  { "uv": [ 0.46875, 10.1875, 0.3125, 10.875 ], "texture": "#main", "tintindex":0 },
                "south": { "uv": [ 0.625, 10.1875, 0.46875, 10.875 ], "texture": "#main", "tintindex":0 },
                "west":  { "uv": [ 0.15625, 10.1875, 0, 10.875 ], "texture": "#main", "tintindex":0 },
                "up":    { "uv": [ 0.15625, 10.1875, 0.3125, 10.03125 ], "texture": "#main", "tintindex":0 },
                "down":  { "uv": [ 0.3125, 10.03125, 0.46875, 10.1875 ], "texture": "#main", "tintindex":0 }
            }
        }
    ],
    "display": {
        "ground": {
            "rotation": [ -157.5, 0, -180 ],
            "translation": [ 0, -0.75, 0 ]
        },
        "head": {
            "rotation": [ -22.5, 0, 0 ],
            "translation": [ -20.75, -28, 0 ]
        }
    },
    "groups": [
        {
            "name": "Entire",
            "origin": [
                0,
                0,
                0
            ],
            "children": [
                {
                    "name": "Body",
                    "origin": [
                        0,
                        2,
                        -7
                    ],
                    "children": [
                        0,
                        1,
                        2
                    ]
                },
                {
                    "name": "Head",
                    "origin": [
                        0,
                        2,
                        29
                    ],
                    "children": [
                        3,
                        4,
                        5
                    ]
                },
                {
                    "name": "Limbs",
                    "origin": [
                        0,
                        2,
                        -7
                    ],
                    "children": [
                        6,
                        7,
                        8,
                        9
                    ]
                }
            ]
        }
    ],
    "__comment": "Model animated using Fizzy's model animator - http://fizzy81.github.io/animated-models/"
}
