{
    "texture_size": [
        96,
        96
    ],
    "textures": {
        "main": "dnd:entity/baby/pachycephalosaurus_walking"
    },
    "elements": [
        {
            "from": [ 6.75, 4.99286, -7.56035 ],
            "to":   [ 9.25, 7.99286, -4.06035 ],
            "rotation": { "angle": 0, "axis": "x", "origin": [8, 6, -0.94571] },
            "faces": {
                "north": { "uv": [ 0.43750125000000006, 1.37500125, 0.75, 1.75000125 ], "texture": "#main", "tintindex":0 },
                "east":  { "uv": [ 0, 1.37500125, 0.43750125000000006, 1.75000125 ], "texture": "#main", "tintindex":0 },
                "south": { "uv": [ 1.18750125, 1.37500125, 1.5, 1.75000125 ], "texture": "#main", "tintindex":0 },
                "west":  { "uv": [ 0.75, 1.37500125, 1.18750125, 1.75000125 ], "texture": "#main", "tintindex":0 },
                "up":    { "uv": [ 0.75, 1.37500125, 0.43750125000000006, 0.9375 ], "texture": "#main", "tintindex":0 },
                "down":  { "uv": [ 1.06249875, 0.9375, 0.75, 1.37500125 ], "texture": "#main", "tintindex":0 }
            }
        },
        {
            "from": [ 4.99, 7.97571, -11.07071 ],
            "to":   [ 11.01, 13.99571, -5.05071 ],
            "rotation": { "angle": 0, "axis": "x", "origin": [20, 20.38571, -20.31871] },
            "faces": {
                "north": { "uv": [ 1.875, 0.9375, 1.5, 1.3125 ], "texture": "#main", "tintindex":0 },
                "east":  { "uv": [ 2.25, 0.9375, 1.875, 1.3125 ], "texture": "#main", "tintindex":0 },
                "south": { "uv": [ 2.625, 0.9375, 2.25, 1.3125 ], "texture": "#main", "tintindex":0 },
                "west":  { "uv": [ 1.5, 0.9375, 1.125, 1.3125 ], "texture": "#main", "tintindex":0 },
                "up":    { "uv": [ 1.5, 0.9375, 1.875, 0.5625 ], "texture": "#main", "tintindex":0 },
                "down":  { "uv": [ 1.875, 0.5625, 2.25, 0.9375 ], "texture": "#main", "tintindex":0 }
            }
        },
        {
            "from": [ 6.5, 8.98572, -14.0457 ],
            "to":   [ 9.5, 12.98572, -11.0457 ],
            "rotation": { "angle": 0, "axis": "x", "origin": [20, 20.38571, -20.31871] },
            "faces": {
                "north": { "uv": [ 1.43749875, 0.1875, 1.24999875, 0.43750125000000006 ], "texture": "#main", "tintindex":0 },
                "east":  { "uv": [ 1.62499875, 0.1875, 1.43749875, 0.43750125000000006 ], "texture": "#main", "tintindex":0 },
                "south": { "uv": [ 1.81249875, 0.1875, 1.62499875, 0.43750125000000006 ], "texture": "#main", "tintindex":0 },
                "west":  { "uv": [ 1.24999875, 0.1875, 1.06249875, 0.43750125000000006 ], "texture": "#main", "tintindex":0 },
                "up":    { "uv": [ 1.24999875, 0.1875, 1.43749875, 0 ], "texture": "#main", "tintindex":0 },
                "down":  { "uv": [ 1.43749875, 0, 1.62499875, 0.1875 ], "texture": "#main", "tintindex":0 }
            }
        },
        {
            "from": [ 9.49, 12.97571, -5.05571 ],
            "to":   [ 11.51, 14.99571, -3.03571 ],
            "shade": false,
            "rotation": { "angle": 0, "axis": "x", "origin": [20, 20.38571, -20.31871] },
            "faces": {
                "north": { "uv": [ 0.12499875, 1.875, 0.25000125, 1.99999875 ], "texture": "#main", "tintindex":0 },
                "east":  { "uv": [ 0, 1.875, 0.12499875, 1.99999875 ], "texture": "#main", "tintindex":0 },
                "south": { "uv": [ 0.375, 1.875, 0.49999874999999994, 1.99999875 ], "texture": "#main", "tintindex":0 },
                "west":  { "uv": [ 0.25000125, 1.875, 0.375, 1.99999875 ], "texture": "#main", "tintindex":0 },
                "up":    { "uv": [ 0.25000125, 1.875, 0.12499875, 1.75000125 ], "texture": "#main", "tintindex":0 },
                "down":  { "uv": [ 0.375, 1.75000125, 0.25000125, 1.875 ], "texture": "#main", "tintindex":0 }
            }
        },
        {
            "from": [ 5.5, 7.98571, -11.04571 ],
            "to":   [ 10.5, 15.98571, -4.04571 ],
            "rotation": { "angle": 0, "axis": "x", "origin": [20, 20.38571, -20.31871] },
            "faces": {
                "north": { "uv": [ 0.75, 0.43750125000000006, 0.43750125000000006, 0.9375 ], "texture": "#main", "tintindex":0 },
                "east":  { "uv": [ 1.18750125, 0.43750125000000006, 0.75, 0.9375 ], "texture": "#main", "tintindex":0 },
                "south": { "uv": [ 1.5, 0.43750125000000006, 1.18750125, 0.9375 ], "texture": "#main", "tintindex":0 },
                "west":  { "uv": [ 0.43750125000000006, 0.43750125000000006, 0, 0.9375 ], "texture": "#main", "tintindex":0 },
                "up":    { "uv": [ 0.43750125000000006, 0.43750125000000006, 0.75, 0 ], "texture": "#main", "tintindex":0 },
                "down":  { "uv": [ 0.75, 0, 1.06249875, 0.43750125000000006 ], "texture": "#main", "tintindex":0 }
            }
        },
        {
            "from": [ 4.49, 12.97571, -5.05571 ],
            "to":   [ 6.51, 14.99571, -3.03571 ],
            "rotation": { "angle": 0, "axis": "x", "origin": [20, 20.38571, -20.31871] },
            "faces": {
                "north": { "uv": [ 0.25000125, 1.875, 0.12499875, 1.99999875 ], "texture": "#main", "tintindex":0 },
                "east":  { "uv": [ 0.375, 1.875, 0.25000125, 1.99999875 ], "texture": "#main", "tintindex":0 },
                "south": { "uv": [ 0.49999874999999994, 1.875, 0.375, 1.99999875 ], "texture": "#main", "tintindex":0 },
                "west":  { "uv": [ 0.12499875, 1.875, 0, 1.99999875 ], "texture": "#main", "tintindex":0 },
                "up":    { "uv": [ 0.12499875, 1.875, 0.25000125, 1.75000125 ], "texture": "#main", "tintindex":0 },
                "down":  { "uv": [ 0.25000125, 1.75000125, 0.375, 1.875 ], "texture": "#main", "tintindex":0 }
            }
        },
        {
            "from": [ 5.75, 3.49286, -4.06035 ],
            "to":   [ 10.25, 8.99286, 6.98965 ],
            "rotation": { "angle": 0, "axis": "x", "origin": [8, 6, -0.94571] },
            "faces": {
                "north": { "uv": [ 1.37500125, 4.5, 1.93750125, 5.18749875 ], "texture": "#main", "tintindex":0 },
                "east":  { "uv": [ 0, 4.5, 1.37500125, 5.18749875 ], "texture": "#main", "tintindex":0 },
                "south": { "uv": [ 3.31249875, 4.5, 3.87499875, 5.18749875 ], "texture": "#main", "tintindex":0 },
                "west":  { "uv": [ 1.93750125, 4.5, 3.31249875, 5.18749875 ], "texture": "#main", "tintindex":0 },
                "up":    { "uv": [ 1.93750125, 4.5, 1.37500125, 3.12499875 ], "texture": "#main", "tintindex":0 },
                "down":  { "uv": [ 2.50000125, 3.12499875, 1.93750125, 4.5 ], "texture": "#main", "tintindex":0 }
            }
        },
        {
            "from": [ 6.75, 4.49286, 6.98965 ],
            "to":   [ 9.25, 7.99286, 28.53965 ],
            "rotation": { "angle": 0, "axis": "x", "origin": [8, 6, -0.94571] },
            "faces": {
                "north": { "uv": [ 2.68750125, 2.68750125, 3, 3.12499875 ], "texture": "#main", "tintindex":0 },
                "east":  { "uv": [ 0, 2.68750125, 2.68750125, 3.12499875 ], "texture": "#main", "tintindex":0 },
                "south": { "uv": [ 5.68750125, 2.68750125, 6, 3.12499875 ], "texture": "#main", "tintindex":0 },
                "west":  { "uv": [ 3, 2.68750125, 5.68750125, 3.12499875 ], "texture": "#main", "tintindex":0 },
                "up":    { "uv": [ 3, 2.68750125, 2.68750125, 0 ], "texture": "#main", "tintindex":0 },
                "down":  { "uv": [ 3.31249875, 0, 3, 2.68750125 ], "texture": "#main", "tintindex":0 }
            }
        },
        {
            "from": [ 5.25, -0.00714, 1.93965 ],
            "to":   [ 7.25, 5.99286, 3.93965 ],
            "shade": false,
            "rotation": { "angle": 0, "axis": "x", "origin": [8, 5.49286, 2.93965] },
            "faces": {
                "north": { "uv": [ 1.99999875, 1.56250125, 1.75000125, 2.31250125 ], "texture": "#main", "tintindex":0 },
                "east":  { "uv": [ 2.25, 1.56250125, 1.99999875, 2.31250125 ], "texture": "#main", "tintindex":0 },
                "south": { "uv": [ 2.50000125, 1.56250125, 2.25, 2.31250125 ], "texture": "#main", "tintindex":0 },
                "west":  { "uv": [ 1.75000125, 1.56250125, 1.5, 2.31250125 ], "texture": "#main", "tintindex":0 },
                "up":    { "uv": [ 1.75000125, 1.56250125, 1.99999875, 1.3125 ], "texture": "#main", "tintindex":0 },
                "down":  { "uv": [ 1.99999875, 1.3125, 2.25, 1.56250125 ], "texture": "#main", "tintindex":0 }
            }
        },
        {
            "from": [ 5.25, -0.00714, 1.43965 ],
            "to":   [ 7.25, 0.49286, 1.93965 ],
            "shade": false,
            "rotation": { "angle": 0, "axis": "x", "origin": [8, 5.49286, 2.93965] },
            "faces": {
                "north": { "uv": [ 1.93750125, 0.06250125000000001, 1.6875, 0.12499875 ], "texture": "#main", "tintindex":0 },
                "east":  { "uv": [ 1.99999875, 0.06250125000000001, 1.93750125, 0.12499875 ], "texture": "#main", "tintindex":0 },
                "south": { "uv": [ 2.25, 0.06250125000000001, 1.99999875, 0.12499875 ], "texture": "#main", "tintindex":0 },
                "west":  { "uv": [ 1.6875, 0.06250125000000001, 1.62499875, 0.12499875 ], "texture": "#main", "tintindex":0 },
                "up":    { "uv": [ 1.6875, 0.06250125000000001, 1.93750125, 0 ], "texture": "#main", "tintindex":0 },
                "down":  { "uv": [ 1.93750125, 0, 2.18749875, 0.06250125000000001 ], "texture": "#main", "tintindex":0 }
            }
        },
        {
            "from": [ 8.75, -0.00714, 1.93965 ],
            "to":   [ 10.75, 5.99286, 3.93965 ],
            "rotation": { "angle": 0, "axis": "x", "origin": [8, 5.49286, 2.93965] },
            "faces": {
                "north": { "uv": [ 1.75000125, 1.56250125, 1.99999875, 2.31250125 ], "texture": "#main", "tintindex":0 },
                "east":  { "uv": [ 1.5, 1.56250125, 1.75000125, 2.31250125 ], "texture": "#main", "tintindex":0 },
                "south": { "uv": [ 2.25, 1.56250125, 2.50000125, 2.31250125 ], "texture": "#main", "tintindex":0 },
                "west":  { "uv": [ 1.99999875, 1.56250125, 2.25, 2.31250125 ], "texture": "#main", "tintindex":0 },
                "up":    { "uv": [ 1.99999875, 1.56250125, 1.75000125, 1.3125 ], "texture": "#main", "tintindex":0 },
                "down":  { "uv": [ 2.25, 1.3125, 1.99999875, 1.56250125 ], "texture": "#main", "tintindex":0 }
            }
        },
        {
            "from": [ 8.75, -0.00714, 1.43965 ],
            "to":   [ 10.75, 0.49286, 1.93965 ],
            "rotation": { "angle": 0, "axis": "x", "origin": [8, 5.49286, 2.93965] },
            "faces": {
                "north": { "uv": [ 1.6875, 0.06250125000000001, 1.93750125, 0.12499875 ], "texture": "#main", "tintindex":0 },
                "east":  { "uv": [ 1.62499875, 0.06250125000000001, 1.6875, 0.12499875 ], "texture": "#main", "tintindex":0 },
                "south": { "uv": [ 1.99999875, 0.06250125000000001, 2.25, 0.12499875 ], "texture": "#main", "tintindex":0 },
                "west":  { "uv": [ 1.93750125, 0.06250125000000001, 1.99999875, 0.12499875 ], "texture": "#main", "tintindex":0 },
                "up":    { "uv": [ 1.93750125, 0.06250125000000001, 1.6875, 0 ], "texture": "#main", "tintindex":0 },
                "down":  { "uv": [ 2.18749875, 0, 1.93750125, 0.06250125000000001 ], "texture": "#main", "tintindex":0 }
            }
        },
        {
            "from": [ 5.5, 1.49286, -3.06035 ],
            "to":   [ 6.5, 3.99286, -2.06035 ],
            "shade": false,
            "rotation": { "angle": 0, "axis": "x", "origin": [8, 3.49286, -2.56035] },
            "faces": {
                "north": { "uv": [ 0.87499875, 1.875, 0.75, 2.18749875 ], "texture": "#main", "tintindex":0 },
                "east":  { "uv": [ 1.00000125, 1.875, 0.87499875, 2.18749875 ], "texture": "#main", "tintindex":0 },
                "south": { "uv": [ 1.125, 1.875, 1.00000125, 2.18749875 ], "texture": "#main", "tintindex":0 },
                "west":  { "uv": [ 0.75, 1.875, 0.6250012500000001, 2.18749875 ], "texture": "#main", "tintindex":0 },
                "up":    { "uv": [ 0.75, 1.875, 0.87499875, 1.75000125 ], "texture": "#main", "tintindex":0 },
                "down":  { "uv": [ 0.87499875, 1.75000125, 1.00000125, 1.875 ], "texture": "#main", "tintindex":0 }
            }
        },
        {
            "from": [ 9.5, 1.49286, -3.06035 ],
            "to":   [ 10.5, 3.99286, -2.06035 ],
            "rotation": { "angle": 0, "axis": "x", "origin": [8, 3.49286, -2.56035] },
            "faces": {
                "north": { "uv": [ 0.75, 1.875, 0.87499875, 2.18749875 ], "texture": "#main", "tintindex":0 },
                "east":  { "uv": [ 0.6250012500000001, 1.875, 0.75, 2.18749875 ], "texture": "#main", "tintindex":0 },
                "south": { "uv": [ 1.00000125, 1.875, 1.125, 2.18749875 ], "texture": "#main", "tintindex":0 },
                "west":  { "uv": [ 0.87499875, 1.875, 1.00000125, 2.18749875 ], "texture": "#main", "tintindex":0 },
                "up":    { "uv": [ 0.87499875, 1.875, 0.75, 1.75000125 ], "texture": "#main", "tintindex":0 },
                "down":  { "uv": [ 1.00000125, 1.75000125, 0.87499875, 1.875 ], "texture": "#main", "tintindex":0 }
            }
        },
        {
            "from": [ 6.75, 4.99286, -7.56035 ],
            "to":   [ 9.25, 7.99286, -4.06035 ],
            "rotation": { "angle": 0, "axis": "x", "origin": [8, 6, -0.94571] },
            "faces": {
                "north": { "uv": [ 8.43750125, 1.37500125, 8.75, 1.75000125 ], "texture": "#main", "tintindex":0 },
                "east":  { "uv": [ 8, 1.37500125, 8.43750125, 1.75000125 ], "texture": "#main", "tintindex":0 },
                "south": { "uv": [ 9.18750125, 1.37500125, 9.5, 1.75000125 ], "texture": "#main", "tintindex":0 },
                "west":  { "uv": [ 8.75, 1.37500125, 9.18750125, 1.75000125 ], "texture": "#main", "tintindex":0 },
                "up":    { "uv": [ 8.75, 1.37500125, 8.43750125, 0.9375 ], "texture": "#main", "tintindex":0 },
                "down":  { "uv": [ 9.06249875, 0.9375, 8.75, 1.37500125 ], "texture": "#main", "tintindex":0 }
            }
        },
        {
            "from": [ 4.99, 7.97571, -11.07071 ],
            "to":   [ 11.01, 13.99571, -5.05071 ],
            "rotation": { "angle": 0, "axis": "x", "origin": [20, 20.38571, -20.31871] },
            "faces": {
                "north": { "uv": [ 9.875, 0.9375, 9.5, 1.3125 ], "texture": "#main", "tintindex":0 },
                "east":  { "uv": [ 10.25, 0.9375, 9.875, 1.3125 ], "texture": "#main", "tintindex":0 },
                "south": { "uv": [ 10.625, 0.9375, 10.25, 1.3125 ], "texture": "#main", "tintindex":0 },
                "west":  { "uv": [ 9.5, 0.9375, 9.125, 1.3125 ], "texture": "#main", "tintindex":0 },
                "up":    { "uv": [ 9.5, 0.9375, 9.875, 0.5625 ], "texture": "#main", "tintindex":0 },
                "down":  { "uv": [ 9.875, 0.5625, 10.25, 0.9375 ], "texture": "#main", "tintindex":0 }
            }
        },
        {
            "from": [ 6.5, 8.98572, -14.0457 ],
            "to":   [ 9.5, 12.98572, -11.0457 ],
            "rotation": { "angle": 0, "axis": "x", "origin": [20, 20.38571, -20.31871] },
            "faces": {
                "north": { "uv": [ 9.43749875, 0.1875, 9.24999875, 0.43750125000000006 ], "texture": "#main", "tintindex":0 },
                "east":  { "uv": [ 9.62499875, 0.1875, 9.43749875, 0.43750125000000006 ], "texture": "#main", "tintindex":0 },
                "south": { "uv": [ 9.81249875, 0.1875, 9.62499875, 0.43750125000000006 ], "texture": "#main", "tintindex":0 },
                "west":  { "uv": [ 9.24999875, 0.1875, 9.06249875, 0.43750125000000006 ], "texture": "#main", "tintindex":0 },
                "up":    { "uv": [ 9.24999875, 0.1875, 9.43749875, 0 ], "texture": "#main", "tintindex":0 },
                "down":  { "uv": [ 9.43749875, 0, 9.62499875, 0.1875 ], "texture": "#main", "tintindex":0 }
            }
        },
        {
            "from": [ 9.49, 12.97571, -5.05571 ],
            "to":   [ 11.51, 14.99571, -3.03571 ],
            "shade": false,
            "rotation": { "angle": 0, "axis": "x", "origin": [20, 20.38571, -20.31871] },
            "faces": {
                "north": { "uv": [ 8.12499875, 1.875, 8.25000125, 1.99999875 ], "texture": "#main", "tintindex":0 },
                "east":  { "uv": [ 8, 1.875, 8.12499875, 1.99999875 ], "texture": "#main", "tintindex":0 },
                "south": { "uv": [ 8.375, 1.875, 8.49999875, 1.99999875 ], "texture": "#main", "tintindex":0 },
                "west":  { "uv": [ 8.25000125, 1.875, 8.375, 1.99999875 ], "texture": "#main", "tintindex":0 },
                "up":    { "uv": [ 8.25000125, 1.875, 8.12499875, 1.75000125 ], "texture": "#main", "tintindex":0 },
                "down":  { "uv": [ 8.375, 1.75000125, 8.25000125, 1.875 ], "texture": "#main", "tintindex":0 }
            }
        },
        {
            "from": [ 5.5, 7.98571, -11.04571 ],
            "to":   [ 10.5, 15.98571, -4.04571 ],
            "rotation": { "angle": 0, "axis": "x", "origin": [20, 20.38571, -20.31871] },
            "faces": {
                "north": { "uv": [ 8.75, 0.43750125000000006, 8.43750125, 0.9375 ], "texture": "#main", "tintindex":0 },
                "east":  { "uv": [ 9.18750125, 0.43750125000000006, 8.75, 0.9375 ], "texture": "#main", "tintindex":0 },
                "south": { "uv": [ 9.5, 0.43750125000000006, 9.18750125, 0.9375 ], "texture": "#main", "tintindex":0 },
                "west":  { "uv": [ 8.43750125, 0.43750125000000006, 8, 0.9375 ], "texture": "#main", "tintindex":0 },
                "up":    { "uv": [ 8.43750125, 0.43750125000000006, 8.75, 0 ], "texture": "#main", "tintindex":0 },
                "down":  { "uv": [ 8.75, 0, 9.06249875, 0.43750125000000006 ], "texture": "#main", "tintindex":0 }
            }
        },
        {
            "from": [ 4.49, 12.97571, -5.05571 ],
            "to":   [ 6.51, 14.99571, -3.03571 ],
            "rotation": { "angle": 0, "axis": "x", "origin": [20, 20.38571, -20.31871] },
            "faces": {
                "north": { "uv": [ 8.25000125, 1.875, 8.12499875, 1.99999875 ], "texture": "#main", "tintindex":0 },
                "east":  { "uv": [ 8.375, 1.875, 8.25000125, 1.99999875 ], "texture": "#main", "tintindex":0 },
                "south": { "uv": [ 8.49999875, 1.875, 8.375, 1.99999875 ], "texture": "#main", "tintindex":0 },
                "west":  { "uv": [ 8.12499875, 1.875, 8, 1.99999875 ], "texture": "#main", "tintindex":0 },
                "up":    { "uv": [ 8.12499875, 1.875, 8.25000125, 1.75000125 ], "texture": "#main", "tintindex":0 },
                "down":  { "uv": [ 8.25000125, 1.75000125, 8.375, 1.875 ], "texture": "#main", "tintindex":0 }
            }
        },
        {
            "from": [ 5.75, 3.49286, -4.06035 ],
            "to":   [ 10.25, 8.99286, 6.98965 ],
            "rotation": { "angle": 0, "axis": "x", "origin": [8, 6, -0.94571] },
            "faces": {
                "north": { "uv": [ 9.37500125, 4.5, 9.93750125, 5.18749875 ], "texture": "#main", "tintindex":0 },
                "east":  { "uv": [ 8, 4.5, 9.37500125, 5.18749875 ], "texture": "#main", "tintindex":0 },
                "south": { "uv": [ 11.31249875, 4.5, 11.87499875, 5.18749875 ], "texture": "#main", "tintindex":0 },
                "west":  { "uv": [ 9.93750125, 4.5, 11.31249875, 5.18749875 ], "texture": "#main", "tintindex":0 },
                "up":    { "uv": [ 9.93750125, 4.5, 9.37500125, 3.12499875 ], "texture": "#main", "tintindex":0 },
                "down":  { "uv": [ 10.50000125, 3.12499875, 9.93750125, 4.5 ], "texture": "#main", "tintindex":0 }
            }
        },
        {
            "from": [ 6.75, 4.49286, 6.98965 ],
            "to":   [ 9.25, 7.99286, 28.53965 ],
            "rotation": { "angle": 0, "axis": "x", "origin": [8, 6, -0.94571] },
            "faces": {
                "north": { "uv": [ 10.68750125, 2.68750125, 11, 3.12499875 ], "texture": "#main", "tintindex":0 },
                "east":  { "uv": [ 8, 2.68750125, 10.68750125, 3.12499875 ], "texture": "#main", "tintindex":0 },
                "south": { "uv": [ 13.68750125, 2.68750125, 14, 3.12499875 ], "texture": "#main", "tintindex":0 },
                "west":  { "uv": [ 11, 2.68750125, 13.68750125, 3.12499875 ], "texture": "#main", "tintindex":0 },
                "up":    { "uv": [ 11, 2.68750125, 10.68750125, 0 ], "texture": "#main", "tintindex":0 },
                "down":  { "uv": [ 11.31249875, 0, 11, 2.68750125 ], "texture": "#main", "tintindex":0 }
            }
        },
        {
            "from": [ 5.25, -0.00714, 1.93965 ],
            "to":   [ 7.25, 5.99286, 3.93965 ],
            "shade": false,
            "rotation": { "angle": -22.5, "axis": "x", "origin": [8, 5.49286, 2.93965] },
            "faces": {
                "north": { "uv": [ 9.99999875, 1.56250125, 9.75000125, 2.31250125 ], "texture": "#main", "tintindex":0 },
                "east":  { "uv": [ 10.25, 1.56250125, 9.99999875, 2.31250125 ], "texture": "#main", "tintindex":0 },
                "south": { "uv": [ 10.50000125, 1.56250125, 10.25, 2.31250125 ], "texture": "#main", "tintindex":0 },
                "west":  { "uv": [ 9.75000125, 1.56250125, 9.5, 2.31250125 ], "texture": "#main", "tintindex":0 },
                "up":    { "uv": [ 9.75000125, 1.56250125, 9.99999875, 1.3125 ], "texture": "#main", "tintindex":0 },
                "down":  { "uv": [ 9.99999875, 1.3125, 10.25, 1.56250125 ], "texture": "#main", "tintindex":0 }
            }
        },
        {
            "from": [ 5.25, -0.00714, 1.43965 ],
            "to":   [ 7.25, 0.49286, 1.93965 ],
            "shade": false,
            "rotation": { "angle": -22.5, "axis": "x", "origin": [8, 5.49286, 2.93965] },
            "faces": {
                "north": { "uv": [ 9.93750125, 0.06250125000000001, 9.6875, 0.12499875 ], "texture": "#main", "tintindex":0 },
                "east":  { "uv": [ 9.99999875, 0.06250125000000001, 9.93750125, 0.12499875 ], "texture": "#main", "tintindex":0 },
                "south": { "uv": [ 10.25, 0.06250125000000001, 9.99999875, 0.12499875 ], "texture": "#main", "tintindex":0 },
                "west":  { "uv": [ 9.6875, 0.06250125000000001, 9.62499875, 0.12499875 ], "texture": "#main", "tintindex":0 },
                "up":    { "uv": [ 9.6875, 0.06250125000000001, 9.93750125, 0 ], "texture": "#main", "tintindex":0 },
                "down":  { "uv": [ 9.93750125, 0, 10.18749875, 0.06250125000000001 ], "texture": "#main", "tintindex":0 }
            }
        },
        {
            "from": [ 8.75, -0.00714, 1.93965 ],
            "to":   [ 10.75, 5.99286, 3.93965 ],
            "rotation": { "angle": 22.5, "axis": "x", "origin": [8, 5.49286, 2.93965] },
            "faces": {
                "north": { "uv": [ 9.75000125, 1.56250125, 9.99999875, 2.31250125 ], "texture": "#main", "tintindex":0 },
                "east":  { "uv": [ 9.5, 1.56250125, 9.75000125, 2.31250125 ], "texture": "#main", "tintindex":0 },
                "south": { "uv": [ 10.25, 1.56250125, 10.50000125, 2.31250125 ], "texture": "#main", "tintindex":0 },
                "west":  { "uv": [ 9.99999875, 1.56250125, 10.25, 2.31250125 ], "texture": "#main", "tintindex":0 },
                "up":    { "uv": [ 9.99999875, 1.56250125, 9.75000125, 1.3125 ], "texture": "#main", "tintindex":0 },
                "down":  { "uv": [ 10.25, 1.3125, 9.99999875, 1.56250125 ], "texture": "#main", "tintindex":0 }
            }
        },
        {
            "from": [ 8.75, -0.00714, 1.43965 ],
            "to":   [ 10.75, 0.49286, 1.93965 ],
            "rotation": { "angle": 22.5, "axis": "x", "origin": [8, 5.49286, 2.93965] },
            "faces": {
                "north": { "uv": [ 9.6875, 0.06250125000000001, 9.93750125, 0.12499875 ], "texture": "#main", "tintindex":0 },
                "east":  { "uv": [ 9.62499875, 0.06250125000000001, 9.6875, 0.12499875 ], "texture": "#main", "tintindex":0 },
                "south": { "uv": [ 9.99999875, 0.06250125000000001, 10.25, 0.12499875 ], "texture": "#main", "tintindex":0 },
                "west":  { "uv": [ 9.93750125, 0.06250125000000001, 9.99999875, 0.12499875 ], "texture": "#main", "tintindex":0 },
                "up":    { "uv": [ 9.93750125, 0.06250125000000001, 9.6875, 0 ], "texture": "#main", "tintindex":0 },
                "down":  { "uv": [ 10.18749875, 0, 9.93750125, 0.06250125000000001 ], "texture": "#main", "tintindex":0 }
            }
        },
        {
            "from": [ 5.5, 1.49286, -3.06035 ],
            "to":   [ 6.5, 3.99286, -2.06035 ],
            "shade": false,
            "rotation": { "angle": 0, "axis": "x", "origin": [8, 3.49286, -2.56035] },
            "faces": {
                "north": { "uv": [ 8.87499875, 1.875, 8.75, 2.18749875 ], "texture": "#main", "tintindex":0 },
                "east":  { "uv": [ 9.00000125, 1.875, 8.87499875, 2.18749875 ], "texture": "#main", "tintindex":0 },
                "south": { "uv": [ 9.125, 1.875, 9.00000125, 2.18749875 ], "texture": "#main", "tintindex":0 },
                "west":  { "uv": [ 8.75, 1.875, 8.62500125, 2.18749875 ], "texture": "#main", "tintindex":0 },
                "up":    { "uv": [ 8.75, 1.875, 8.87499875, 1.75000125 ], "texture": "#main", "tintindex":0 },
                "down":  { "uv": [ 8.87499875, 1.75000125, 9.00000125, 1.875 ], "texture": "#main", "tintindex":0 }
            }
        },
        {
            "from": [ 9.5, 1.49286, -3.06035 ],
            "to":   [ 10.5, 3.99286, -2.06035 ],
            "rotation": { "angle": 0, "axis": "x", "origin": [8, 3.49286, -2.56035] },
            "faces": {
                "north": { "uv": [ 8.75, 1.875, 8.87499875, 2.18749875 ], "texture": "#main", "tintindex":0 },
                "east":  { "uv": [ 8.62500125, 1.875, 8.75, 2.18749875 ], "texture": "#main", "tintindex":0 },
                "south": { "uv": [ 9.00000125, 1.875, 9.125, 2.18749875 ], "texture": "#main", "tintindex":0 },
                "west":  { "uv": [ 8.87499875, 1.875, 9.00000125, 2.18749875 ], "texture": "#main", "tintindex":0 },
                "up":    { "uv": [ 8.87499875, 1.875, 8.75, 1.75000125 ], "texture": "#main", "tintindex":0 },
                "down":  { "uv": [ 9.00000125, 1.75000125, 8.87499875, 1.875 ], "texture": "#main", "tintindex":0 }
            }
        },
        {
            "from": [ 6.75, 4.99286, -7.56035 ],
            "to":   [ 9.25, 7.99286, -4.06035 ],
            "rotation": { "angle": 0, "axis": "x", "origin": [8, 6, -0.94571] },
            "faces": {
                "north": { "uv": [ 0.43750125000000006, 9.37500125, 0.75, 9.75000125 ], "texture": "#main", "tintindex":0 },
                "east":  { "uv": [ 0, 9.37500125, 0.43750125000000006, 9.75000125 ], "texture": "#main", "tintindex":0 },
                "south": { "uv": [ 1.18750125, 9.37500125, 1.5, 9.75000125 ], "texture": "#main", "tintindex":0 },
                "west":  { "uv": [ 0.75, 9.37500125, 1.18750125, 9.75000125 ], "texture": "#main", "tintindex":0 },
                "up":    { "uv": [ 0.75, 9.37500125, 0.43750125000000006, 8.9375 ], "texture": "#main", "tintindex":0 },
                "down":  { "uv": [ 1.06249875, 8.9375, 0.75, 9.37500125 ], "texture": "#main", "tintindex":0 }
            }
        },
        {
            "from": [ 4.99, 7.97571, -11.07071 ],
            "to":   [ 11.01, 13.99571, -5.05071 ],
            "rotation": { "angle": 0, "axis": "x", "origin": [20, 20.38571, -20.31871] },
            "faces": {
                "north": { "uv": [ 1.875, 8.9375, 1.5, 9.3125 ], "texture": "#main", "tintindex":0 },
                "east":  { "uv": [ 2.25, 8.9375, 1.875, 9.3125 ], "texture": "#main", "tintindex":0 },
                "south": { "uv": [ 2.625, 8.9375, 2.25, 9.3125 ], "texture": "#main", "tintindex":0 },
                "west":  { "uv": [ 1.5, 8.9375, 1.125, 9.3125 ], "texture": "#main", "tintindex":0 },
                "up":    { "uv": [ 1.5, 8.9375, 1.875, 8.5625 ], "texture": "#main", "tintindex":0 },
                "down":  { "uv": [ 1.875, 8.5625, 2.25, 8.9375 ], "texture": "#main", "tintindex":0 }
            }
        },
        {
            "from": [ 6.5, 8.98572, -14.0457 ],
            "to":   [ 9.5, 12.98572, -11.0457 ],
            "rotation": { "angle": 0, "axis": "x", "origin": [20, 20.38571, -20.31871] },
            "faces": {
                "north": { "uv": [ 1.43749875, 8.1875, 1.24999875, 8.43750125 ], "texture": "#main", "tintindex":0 },
                "east":  { "uv": [ 1.62499875, 8.1875, 1.43749875, 8.43750125 ], "texture": "#main", "tintindex":0 },
                "south": { "uv": [ 1.81249875, 8.1875, 1.62499875, 8.43750125 ], "texture": "#main", "tintindex":0 },
                "west":  { "uv": [ 1.24999875, 8.1875, 1.06249875, 8.43750125 ], "texture": "#main", "tintindex":0 },
                "up":    { "uv": [ 1.24999875, 8.1875, 1.43749875, 8 ], "texture": "#main", "tintindex":0 },
                "down":  { "uv": [ 1.43749875, 8, 1.62499875, 8.1875 ], "texture": "#main", "tintindex":0 }
            }
        },
        {
            "from": [ 9.49, 12.97571, -5.05571 ],
            "to":   [ 11.51, 14.99571, -3.03571 ],
            "shade": false,
            "rotation": { "angle": 0, "axis": "x", "origin": [20, 20.38571, -20.31871] },
            "faces": {
                "north": { "uv": [ 0.12499875, 9.875, 0.25000125, 9.99999875 ], "texture": "#main", "tintindex":0 },
                "east":  { "uv": [ 0, 9.875, 0.12499875, 9.99999875 ], "texture": "#main", "tintindex":0 },
                "south": { "uv": [ 0.375, 9.875, 0.49999874999999994, 9.99999875 ], "texture": "#main", "tintindex":0 },
                "west":  { "uv": [ 0.25000125, 9.875, 0.375, 9.99999875 ], "texture": "#main", "tintindex":0 },
                "up":    { "uv": [ 0.25000125, 9.875, 0.12499875, 9.75000125 ], "texture": "#main", "tintindex":0 },
                "down":  { "uv": [ 0.375, 9.75000125, 0.25000125, 9.875 ], "texture": "#main", "tintindex":0 }
            }
        },
        {
            "from": [ 5.5, 7.98571, -11.04571 ],
            "to":   [ 10.5, 15.98571, -4.04571 ],
            "rotation": { "angle": 0, "axis": "x", "origin": [20, 20.38571, -20.31871] },
            "faces": {
                "north": { "uv": [ 0.75, 8.43750125, 0.43750125000000006, 8.9375 ], "texture": "#main", "tintindex":0 },
                "east":  { "uv": [ 1.18750125, 8.43750125, 0.75, 8.9375 ], "texture": "#main", "tintindex":0 },
                "south": { "uv": [ 1.5, 8.43750125, 1.18750125, 8.9375 ], "texture": "#main", "tintindex":0 },
                "west":  { "uv": [ 0.43750125000000006, 8.43750125, 0, 8.9375 ], "texture": "#main", "tintindex":0 },
                "up":    { "uv": [ 0.43750125000000006, 8.43750125, 0.75, 8 ], "texture": "#main", "tintindex":0 },
                "down":  { "uv": [ 0.75, 8, 1.06249875, 8.43750125 ], "texture": "#main", "tintindex":0 }
            }
        },
        {
            "from": [ 4.49, 12.97571, -5.05571 ],
            "to":   [ 6.51, 14.99571, -3.03571 ],
            "rotation": { "angle": 0, "axis": "x", "origin": [20, 20.38571, -20.31871] },
            "faces": {
                "north": { "uv": [ 0.25000125, 9.875, 0.12499875, 9.99999875 ], "texture": "#main", "tintindex":0 },
                "east":  { "uv": [ 0.375, 9.875, 0.25000125, 9.99999875 ], "texture": "#main", "tintindex":0 },
                "south": { "uv": [ 0.49999874999999994, 9.875, 0.375, 9.99999875 ], "texture": "#main", "tintindex":0 },
                "west":  { "uv": [ 0.12499875, 9.875, 0, 9.99999875 ], "texture": "#main", "tintindex":0 },
                "up":    { "uv": [ 0.12499875, 9.875, 0.25000125, 9.75000125 ], "texture": "#main", "tintindex":0 },
                "down":  { "uv": [ 0.25000125, 9.75000125, 0.375, 9.875 ], "texture": "#main", "tintindex":0 }
            }
        },
        {
            "from": [ 5.75, 3.49286, -4.06035 ],
            "to":   [ 10.25, 8.99286, 6.98965 ],
            "rotation": { "angle": 0, "axis": "x", "origin": [8, 6, -0.94571] },
            "faces": {
                "north": { "uv": [ 1.37500125, 12.5, 1.93750125, 13.18749875 ], "texture": "#main", "tintindex":0 },
                "east":  { "uv": [ 0, 12.5, 1.37500125, 13.18749875 ], "texture": "#main", "tintindex":0 },
                "south": { "uv": [ 3.31249875, 12.5, 3.87499875, 13.18749875 ], "texture": "#main", "tintindex":0 },
                "west":  { "uv": [ 1.93750125, 12.5, 3.31249875, 13.18749875 ], "texture": "#main", "tintindex":0 },
                "up":    { "uv": [ 1.93750125, 12.5, 1.37500125, 11.12499875 ], "texture": "#main", "tintindex":0 },
                "down":  { "uv": [ 2.50000125, 11.12499875, 1.93750125, 12.5 ], "texture": "#main", "tintindex":0 }
            }
        },
        {
            "from": [ 6.75, 4.49286, 6.98965 ],
            "to":   [ 9.25, 7.99286, 28.53965 ],
            "rotation": { "angle": 0, "axis": "x", "origin": [8, 6, -0.94571] },
            "faces": {
                "north": { "uv": [ 2.68750125, 10.68750125, 3, 11.12499875 ], "texture": "#main", "tintindex":0 },
                "east":  { "uv": [ 0, 10.68750125, 2.68750125, 11.12499875 ], "texture": "#main", "tintindex":0 },
                "south": { "uv": [ 5.68750125, 10.68750125, 6, 11.12499875 ], "texture": "#main", "tintindex":0 },
                "west":  { "uv": [ 3, 10.68750125, 5.68750125, 11.12499875 ], "texture": "#main", "tintindex":0 },
                "up":    { "uv": [ 3, 10.68750125, 2.68750125, 8 ], "texture": "#main", "tintindex":0 },
                "down":  { "uv": [ 3.31249875, 8, 3, 10.68750125 ], "texture": "#main", "tintindex":0 }
            }
        },
        {
            "from": [ 5.25, -0.00714, 1.93965 ],
            "to":   [ 7.25, 5.99286, 3.93965 ],
            "shade": false,
            "rotation": { "angle": 22.5, "axis": "x", "origin": [8, 5.49286, 2.93965] },
            "faces": {
                "north": { "uv": [ 1.99999875, 9.56250125, 1.75000125, 10.31250125 ], "texture": "#main", "tintindex":0 },
                "east":  { "uv": [ 2.25, 9.56250125, 1.99999875, 10.31250125 ], "texture": "#main", "tintindex":0 },
                "south": { "uv": [ 2.50000125, 9.56250125, 2.25, 10.31250125 ], "texture": "#main", "tintindex":0 },
                "west":  { "uv": [ 1.75000125, 9.56250125, 1.5, 10.31250125 ], "texture": "#main", "tintindex":0 },
                "up":    { "uv": [ 1.75000125, 9.56250125, 1.99999875, 9.3125 ], "texture": "#main", "tintindex":0 },
                "down":  { "uv": [ 1.99999875, 9.3125, 2.25, 9.56250125 ], "texture": "#main", "tintindex":0 }
            }
        },
        {
            "from": [ 5.25, -0.00714, 1.43965 ],
            "to":   [ 7.25, 0.49286, 1.93965 ],
            "shade": false,
            "rotation": { "angle": 22.5, "axis": "x", "origin": [8, 5.49286, 2.93965] },
            "faces": {
                "north": { "uv": [ 1.93750125, 8.06250125, 1.6875, 8.12499875 ], "texture": "#main", "tintindex":0 },
                "east":  { "uv": [ 1.99999875, 8.06250125, 1.93750125, 8.12499875 ], "texture": "#main", "tintindex":0 },
                "south": { "uv": [ 2.25, 8.06250125, 1.99999875, 8.12499875 ], "texture": "#main", "tintindex":0 },
                "west":  { "uv": [ 1.6875, 8.06250125, 1.62499875, 8.12499875 ], "texture": "#main", "tintindex":0 },
                "up":    { "uv": [ 1.6875, 8.06250125, 1.93750125, 8 ], "texture": "#main", "tintindex":0 },
                "down":  { "uv": [ 1.93750125, 8, 2.18749875, 8.06250125 ], "texture": "#main", "tintindex":0 }
            }
        },
        {
            "from": [ 8.75, -0.00714, 1.93965 ],
            "to":   [ 10.75, 5.99286, 3.93965 ],
            "rotation": { "angle": -22.5, "axis": "x", "origin": [8, 5.49286, 2.93965] },
            "faces": {
                "north": { "uv": [ 1.75000125, 9.56250125, 1.99999875, 10.31250125 ], "texture": "#main", "tintindex":0 },
                "east":  { "uv": [ 1.5, 9.56250125, 1.75000125, 10.31250125 ], "texture": "#main", "tintindex":0 },
                "south": { "uv": [ 2.25, 9.56250125, 2.50000125, 10.31250125 ], "texture": "#main", "tintindex":0 },
                "west":  { "uv": [ 1.99999875, 9.56250125, 2.25, 10.31250125 ], "texture": "#main", "tintindex":0 },
                "up":    { "uv": [ 1.99999875, 9.56250125, 1.75000125, 9.3125 ], "texture": "#main", "tintindex":0 },
                "down":  { "uv": [ 2.25, 9.3125, 1.99999875, 9.56250125 ], "texture": "#main", "tintindex":0 }
            }
        },
        {
            "from": [ 8.75, -0.00714, 1.43965 ],
            "to":   [ 10.75, 0.49286, 1.93965 ],
            "rotation": { "angle": -22.5, "axis": "x", "origin": [8, 5.49286, 2.93965] },
            "faces": {
                "north": { "uv": [ 1.6875, 8.06250125, 1.93750125, 8.12499875 ], "texture": "#main", "tintindex":0 },
                "east":  { "uv": [ 1.62499875, 8.06250125, 1.6875, 8.12499875 ], "texture": "#main", "tintindex":0 },
                "south": { "uv": [ 1.99999875, 8.06250125, 2.25, 8.12499875 ], "texture": "#main", "tintindex":0 },
                "west":  { "uv": [ 1.93750125, 8.06250125, 1.99999875, 8.12499875 ], "texture": "#main", "tintindex":0 },
                "up":    { "uv": [ 1.93750125, 8.06250125, 1.6875, 8 ], "texture": "#main", "tintindex":0 },
                "down":  { "uv": [ 2.18749875, 8, 1.93750125, 8.06250125 ], "texture": "#main", "tintindex":0 }
            }
        },
        {
            "from": [ 5.5, 1.49286, -3.06035 ],
            "to":   [ 6.5, 3.99286, -2.06035 ],
            "shade": false,
            "rotation": { "angle": 0, "axis": "x", "origin": [8, 3.49286, -2.56035] },
            "faces": {
                "north": { "uv": [ 0.87499875, 9.875, 0.75, 10.18749875 ], "texture": "#main", "tintindex":0 },
                "east":  { "uv": [ 1.00000125, 9.875, 0.87499875, 10.18749875 ], "texture": "#main", "tintindex":0 },
                "south": { "uv": [ 1.125, 9.875, 1.00000125, 10.18749875 ], "texture": "#main", "tintindex":0 },
                "west":  { "uv": [ 0.75, 9.875, 0.6250012500000001, 10.18749875 ], "texture": "#main", "tintindex":0 },
                "up":    { "uv": [ 0.75, 9.875, 0.87499875, 9.75000125 ], "texture": "#main", "tintindex":0 },
                "down":  { "uv": [ 0.87499875, 9.75000125, 1.00000125, 9.875 ], "texture": "#main", "tintindex":0 }
            }
        },
        {
            "from": [ 9.5, 1.49286, -3.06035 ],
            "to":   [ 10.5, 3.99286, -2.06035 ],
            "rotation": { "angle": 0, "axis": "x", "origin": [8, 3.49286, -2.56035] },
            "faces": {
                "north": { "uv": [ 0.75, 9.875, 0.87499875, 10.18749875 ], "texture": "#main", "tintindex":0 },
                "east":  { "uv": [ 0.6250012500000001, 9.875, 0.75, 10.18749875 ], "texture": "#main", "tintindex":0 },
                "south": { "uv": [ 1.00000125, 9.875, 1.125, 10.18749875 ], "texture": "#main", "tintindex":0 },
                "west":  { "uv": [ 0.87499875, 9.875, 1.00000125, 10.18749875 ], "texture": "#main", "tintindex":0 },
                "up":    { "uv": [ 0.87499875, 9.875, 0.75, 9.75000125 ], "texture": "#main", "tintindex":0 },
                "down":  { "uv": [ 1.00000125, 9.75000125, 0.87499875, 9.875 ], "texture": "#main", "tintindex":0 }
            }
        }
    ],
    "display": {
        "ground": {
            "rotation": [ -180, 0, -180 ],
            "translation": [ 0, -9.5, -9 ]
        },
        "head": {
            "translation": [ 22.75, -26, -3.25 ],
            "scale": [ 1.6, 1.6, 1.6 ]
        }
    },
    "groups": [
        {
            "name": "Entire",
            "origin": [
                0,
                0,
                0
            ],
            "color": 0,
            "children": [
                {
                    "name": "Head",
                    "origin": [
                        0,
                        0,
                        -2
                    ],
                    "color": 0,
                    "children": [
                        0,
                        1,
                        2,
                        3,
                        4,
                        5
                    ]
                },
                {
                    "name": "Body",
                    "origin": [
                        0,
                        0,
                        -2
                    ],
                    "color": 0,
                    "children": [
                        6,
                        7
                    ]
                },
                {
                    "name": "Limbs",
                    "origin": [
                        0,
                        0,
                        -2
                    ],
                    "color": 0,
                    "children": [
                        8,
                        9,
                        10,
                        11,
                        12,
                        13
                    ]
                }
            ]
        }
    ],
    "__comment": "Model animated using Fizzy's model animator - http://fizzy81.github.io/animated-models/"
}
