{
	"texture_size": [256, 256],
	"textures": {
		"main": "dnd:entity/baby/ankylosaurus_walking"
	},
	"elements": [
		{
			"from": [0, 0, -4],
			"to": [16, 11.5, 18.5],
			"rotation": {"angle": 22.5, "axis": "x", "origin": [8, 3.93334, 4.05]},
			"faces": {
				"north": {"uv": [9.40625, 1.46875, 10.40625, 2.1875], "texture": "#main", "tintindex": 0},
				"east": {"uv": [8, 1.46875, 9.40625, 2.1875], "texture": "#main", "tintindex": 0},
				"south": {"uv": [11.8125, 1.46875, 12.8125, 2.1875], "texture": "#main", "tintindex": 0},
				"west": {"uv": [10.40625, 1.46875, 11.8125, 2.1875], "texture": "#main", "tintindex": 0},
				"up": {"uv": [10.40625, 1.46875, 9.40625, 0.0625], "texture": "#main", "tintindex": 0},
				"down": {"uv": [11.40625, 0.0625, 10.40625, 1.46875], "texture": "#main", "tintindex": 0}
			}
		},
		{
			"from": [4, 0.0313, 3.5238],
			"to": [12, 7.0313, 14.5238],
			"rotation": {"angle": 22.5, "axis": "x", "origin": [8, -35.06666, 4.05]},
			"faces": {
				"north": {"uv": [8.6875, 2.875, 9.1875, 3.3125], "texture": "#main", "tintindex": 0},
				"east": {"uv": [8, 2.875, 8.6875, 3.3125], "texture": "#main", "tintindex": 0},
				"south": {"uv": [9.875, 2.875, 10.375, 3.3125], "texture": "#main", "tintindex": 0},
				"west": {"uv": [9.1875, 2.875, 9.875, 3.3125], "texture": "#main", "tintindex": 0},
				"up": {"uv": [9.1875, 2.875, 8.6875, 2.1875], "texture": "#main", "tintindex": 0},
				"down": {"uv": [9.6875, 2.1875, 9.1875, 2.875], "texture": "#main", "tintindex": 0}
			}
		},
		{
			"from": [6, -0.47446, 3.82504],
			"to": [10, 1.52554, 13.32504],
			"rotation": {"angle": 22.5, "axis": "x", "origin": [6, -63.2127, 4.99929]},
			"faces": {
				"north": {"uv": [10.96875, 2.78125, 11.21875, 2.90625], "texture": "#main", "tintindex": 0},
				"east": {"uv": [10.375, 2.78125, 10.96875, 2.90625], "texture": "#main", "tintindex": 0},
				"south": {"uv": [11.8125, 2.78125, 12.0625, 2.90625], "texture": "#main", "tintindex": 0},
				"west": {"uv": [11.21875, 2.78125, 11.8125, 2.90625], "texture": "#main", "tintindex": 0},
				"up": {"uv": [11.21875, 2.78125, 10.96875, 2.1875], "texture": "#main", "tintindex": 0},
				"down": {"uv": [11.46875, 2.1875, 11.21875, 2.78125], "texture": "#main", "tintindex": 0}
			}
		},
		{
			"from": [5.5, -2.4712, 2.99769],
			"to": [10.5, 0.5288, 8.99769],
			"rotation": {"angle": 22.5, "axis": "x", "origin": [8.5, -89.9206, 3.59792]},
			"faces": {
				"north": {"uv": [11.78125, 0.375, 12.09375, 0.5625], "texture": "#main", "tintindex": 0},
				"east": {"uv": [11.40625, 0.375, 11.78125, 0.5625], "texture": "#main", "tintindex": 0},
				"south": {"uv": [12.46875, 0.375, 12.78125, 0.5625], "texture": "#main", "tintindex": 0},
				"west": {"uv": [12.09375, 0.375, 12.46875, 0.5625], "texture": "#main", "tintindex": 0},
				"up": {"uv": [12.09375, 0.375, 11.78125, 0], "texture": "#main", "tintindex": 0},
				"down": {"uv": [12.40625, 0, 12.09375, 0.375], "texture": "#main", "tintindex": 0}
			}
		},
		{
			"from": [5.5, 4.97913, -2.05023],
			"to": [10.5, 9.47913, 2.94977],
			"rotation": {"angle": 22.5, "axis": "x", "origin": [8, 29.93334, 4.05]},
			"faces": {
				"north": {"uv": [10, 2.5, 10.3125, 2.78125], "texture": "#main", "tintindex": 0},
				"east": {"uv": [9.6875, 2.5, 10, 2.78125], "texture": "#main", "tintindex": 0},
				"south": {"uv": [10.625, 2.5, 10.9375, 2.78125], "texture": "#main", "tintindex": 0},
				"west": {"uv": [10.3125, 2.5, 10.625, 2.78125], "texture": "#main", "tintindex": 0},
				"up": {"uv": [10.3125, 2.5, 10, 2.1875], "texture": "#main", "tintindex": 0},
				"down": {"uv": [10.625, 2.1875, 10.3125, 2.5], "texture": "#main", "tintindex": 0}
			}
		},
		{
			"from": [4, 4.13659, 1.2277],
			"to": [12, 9.63659, 4.2277],
			"rotation": {"angle": 22.5, "axis": "x", "origin": [8, 25.43334, 4.05]},
			"faces": {
				"north": {"uv": [11.59375, 0.75, 12.09375, 1.09375], "texture": "#main", "tintindex": 0},
				"east": {"uv": [11.40625, 0.75, 11.59375, 1.09375], "texture": "#main", "tintindex": 0},
				"south": {"uv": [12.28125, 0.75, 12.78125, 1.09375], "texture": "#main", "tintindex": 0},
				"west": {"uv": [12.09375, 0.75, 12.28125, 1.09375], "texture": "#main", "tintindex": 0},
				"up": {"uv": [12.09375, 0.75, 11.59375, 0.5625], "texture": "#main", "tintindex": 0},
				"down": {"uv": [12.59375, 0.5625, 12.09375, 0.75], "texture": "#main", "tintindex": 0}
			}
		},
		{
			"from": [4, 4.85974, -8.13681],
			"to": [12, 13.85974, 0.86319],
			"rotation": {"angle": 22.5, "axis": "x", "origin": [8, 38.86667, 0.1]},
			"faces": {
				"north": {"uv": [13.0625, 0.28125, 13.3125, 0.5625], "texture": "#main", "tintindex": 0},
				"east": {"uv": [12.78125, 0.28125, 13.0625, 0.5625], "texture": "#main", "tintindex": 0},
				"south": {"uv": [13.59375, 0.28125, 13.84375, 0.5625], "texture": "#main", "tintindex": 0},
				"west": {"uv": [13.3125, 0.28125, 13.59375, 0.5625], "texture": "#main", "tintindex": 0},
				"up": {"uv": [13.3125, 0.28125, 13.0625, 0], "texture": "#main", "tintindex": 0},
				"down": {"uv": [13.5625, 0, 13.3125, 0.28125], "texture": "#main", "tintindex": 0}
			}
		},
		{
			"from": [2, 11.85974, -0.52809],
			"to": [5, 14.85974, 2.47191],
			"shade": false,
			"rotation": {"angle": 22.5, "axis": "x", "origin": [8, 38.86667, 0.1]},
			"faces": {
				"north": {"uv": [9, 0.09375, 8.90625, 0.1875], "texture": "#main", "tintindex": 0},
				"east": {"uv": [9.09375, 0.09375, 9, 0.1875], "texture": "#main", "tintindex": 0},
				"south": {"uv": [9.1875, 0.09375, 9.09375, 0.1875], "texture": "#main", "tintindex": 0},
				"west": {"uv": [8.90625, 0.09375, 8.8125, 0.1875], "texture": "#main", "tintindex": 0},
				"up": {"uv": [8.90625, 0.09375, 9, 0], "texture": "#main", "tintindex": 0},
				"down": {"uv": [9, 0, 9.09375, 0.09375], "texture": "#main", "tintindex": 0}
			}
		},
		{
			"from": [2, 3.85974, -0.52809],
			"to": [5, 6.85974, 2.47191],
			"shade": false,
			"rotation": {"angle": 22.5, "axis": "x", "origin": [8, 38.86667, 0.1]},
			"faces": {
				"north": {"uv": [9, 0.09375, 8.90625, 0.1875], "texture": "#main", "tintindex": 0},
				"east": {"uv": [9.09375, 0.09375, 9, 0.1875], "texture": "#main", "tintindex": 0},
				"south": {"uv": [9.1875, 0.09375, 9.09375, 0.1875], "texture": "#main", "tintindex": 0},
				"west": {"uv": [8.90625, 0.09375, 8.8125, 0.1875], "texture": "#main", "tintindex": 0},
				"up": {"uv": [8.90625, 0.09375, 9, 0], "texture": "#main", "tintindex": 0},
				"down": {"uv": [9, 0, 9.09375, 0.09375], "texture": "#main", "tintindex": 0}
			}
		},
		{
			"from": [11, 3.85974, -0.52809],
			"to": [14, 6.85974, 2.47191],
			"rotation": {"angle": 22.5, "axis": "x", "origin": [8, 38.86667, 0.1]},
			"faces": {
				"north": {"uv": [8.90625, 0.09375, 9, 0.1875], "texture": "#main", "tintindex": 0},
				"east": {"uv": [8.8125, 0.09375, 8.90625, 0.1875], "texture": "#main", "tintindex": 0},
				"south": {"uv": [9.09375, 0.09375, 9.1875, 0.1875], "texture": "#main", "tintindex": 0},
				"west": {"uv": [9, 0.09375, 9.09375, 0.1875], "texture": "#main", "tintindex": 0},
				"up": {"uv": [9, 0.09375, 8.90625, 0], "texture": "#main", "tintindex": 0},
				"down": {"uv": [9.09375, 0, 9, 0.09375], "texture": "#main", "tintindex": 0}
			}
		},
		{
			"from": [11, 11.85974, -0.52809],
			"to": [14, 14.85974, 2.47191],
			"rotation": {"angle": 22.5, "axis": "x", "origin": [8, 38.86667, 0.1]},
			"faces": {
				"north": {"uv": [8.90625, 0.09375, 9, 0.1875], "texture": "#main", "tintindex": 0},
				"east": {"uv": [8.8125, 0.09375, 8.90625, 0.1875], "texture": "#main", "tintindex": 0},
				"south": {"uv": [9.09375, 0.09375, 9.1875, 0.1875], "texture": "#main", "tintindex": 0},
				"west": {"uv": [9, 0.09375, 9.09375, 0.1875], "texture": "#main", "tintindex": 0},
				"up": {"uv": [9, 0.09375, 8.90625, 0], "texture": "#main", "tintindex": 0},
				"down": {"uv": [9.09375, 0, 9, 0.09375], "texture": "#main", "tintindex": 0}
			}
		},
		{
			"from": [-0.5, -8.00985, 10.53505],
			"to": [4, 1.49015, 15.03505],
			"rotation": {"angle": 0, "axis": "x", "origin": [8, 1.00969, 12.64014]},
			"faces": {
				"north": {"uv": [8.28125, 0.875, 8.5625, 1.46875], "texture": "#main", "tintindex": 0},
				"east": {"uv": [8, 0.875, 8.28125, 1.46875], "texture": "#main", "tintindex": 0},
				"south": {"uv": [8.84375, 0.875, 9.125, 1.46875], "texture": "#main", "tintindex": 0},
				"west": {"uv": [8.5625, 0.875, 8.84375, 1.46875], "texture": "#main", "tintindex": 0},
				"up": {"uv": [8.5625, 0.875, 8.28125, 0.59375], "texture": "#main", "tintindex": 0},
				"down": {"uv": [8.84375, 0.59375, 8.5625, 0.875], "texture": "#main", "tintindex": 0}
			}
		},
		{
			"from": [-0.5, -2.61423, -2.39403],
			"to": [2.5, 3.88577, 0.60597],
			"rotation": {"angle": 45, "axis": "x", "origin": [8, 3.88577, -0.88723]},
			"faces": {
				"north": {"uv": [8.1875, 0.1875, 8.375, 0.59375], "texture": "#main", "tintindex": 0},
				"east": {"uv": [8, 0.1875, 8.1875, 0.59375], "texture": "#main", "tintindex": 0},
				"south": {"uv": [8.5625, 0.1875, 8.75, 0.59375], "texture": "#main", "tintindex": 0},
				"west": {"uv": [8.375, 0.1875, 8.5625, 0.59375], "texture": "#main", "tintindex": 0},
				"up": {"uv": [8.375, 0.1875, 8.1875, 0], "texture": "#main", "tintindex": 0},
				"down": {"uv": [8.5625, 0, 8.375, 0.1875], "texture": "#main", "tintindex": 0}
			}
		},
		{
			"from": [13.5, -2.61423, -2.39403],
			"to": [16.5, 3.88577, 0.60597],
			"shade": false,
			"rotation": {"angle": 0, "axis": "x", "origin": [8, 3.88577, -0.88723]},
			"faces": {
				"north": {"uv": [8.375, 0.1875, 8.1875, 0.59375], "texture": "#main", "tintindex": 0},
				"east": {"uv": [8.5625, 0.1875, 8.375, 0.59375], "texture": "#main", "tintindex": 0},
				"south": {"uv": [8.75, 0.1875, 8.5625, 0.59375], "texture": "#main", "tintindex": 0},
				"west": {"uv": [8.1875, 0.1875, 8, 0.59375], "texture": "#main", "tintindex": 0},
				"up": {"uv": [8.1875, 0.1875, 8.375, 0], "texture": "#main", "tintindex": 0},
				"down": {"uv": [8.375, 0, 8.5625, 0.1875], "texture": "#main", "tintindex": 0}
			}
		},
		{
			"from": [12, -8.00985, 10.53505],
			"to": [16.5, 1.49015, 15.03505],
			"shade": false,
			"rotation": {"angle": 45, "axis": "x", "origin": [8, 1.00969, 12.64014]},
			"faces": {
				"north": {"uv": [8.5625, 0.875, 8.28125, 1.46875], "texture": "#main", "tintindex": 0},
				"east": {"uv": [8.84375, 0.875, 8.5625, 1.46875], "texture": "#main", "tintindex": 0},
				"south": {"uv": [9.125, 0.875, 8.84375, 1.46875], "texture": "#main", "tintindex": 0},
				"west": {"uv": [8.28125, 0.875, 8, 1.46875], "texture": "#main", "tintindex": 0},
				"up": {"uv": [8.28125, 0.875, 8.5625, 0.59375], "texture": "#main", "tintindex": 0},
				"down": {"uv": [8.5625, 0.59375, 8.84375, 0.875], "texture": "#main", "tintindex": 0}
			}
		},
		{
			"from": [0, 0, -4],
			"to": [16, 11.5, 18.5],
			"rotation": {"angle": 22.5, "axis": "x", "origin": [8, 3.93334, 4.05]},
			"faces": {
				"north": {"uv": [1.40625, 9.46875, 2.40625, 10.1875], "texture": "#main", "tintindex": 0},
				"east": {"uv": [0, 9.46875, 1.40625, 10.1875], "texture": "#main", "tintindex": 0},
				"south": {"uv": [3.8125, 9.46875, 4.8125, 10.1875], "texture": "#main", "tintindex": 0},
				"west": {"uv": [2.40625, 9.46875, 3.8125, 10.1875], "texture": "#main", "tintindex": 0},
				"up": {"uv": [2.40625, 9.46875, 1.40625, 8.0625], "texture": "#main", "tintindex": 0},
				"down": {"uv": [3.40625, 8.0625, 2.40625, 9.46875], "texture": "#main", "tintindex": 0}
			}
		},
		{
			"from": [4, 0.0313, 3.5238],
			"to": [12, 7.0313, 14.5238],
			"rotation": {"angle": 22.5, "axis": "x", "origin": [8, -35.06666, 4.05]},
			"faces": {
				"north": {"uv": [0.6875, 10.875, 1.1875, 11.3125], "texture": "#main", "tintindex": 0},
				"east": {"uv": [0, 10.875, 0.6875, 11.3125], "texture": "#main", "tintindex": 0},
				"south": {"uv": [1.875, 10.875, 2.375, 11.3125], "texture": "#main", "tintindex": 0},
				"west": {"uv": [1.1875, 10.875, 1.875, 11.3125], "texture": "#main", "tintindex": 0},
				"up": {"uv": [1.1875, 10.875, 0.6875, 10.1875], "texture": "#main", "tintindex": 0},
				"down": {"uv": [1.6875, 10.1875, 1.1875, 10.875], "texture": "#main", "tintindex": 0}
			}
		},
		{
			"from": [6, -0.47446, 3.82504],
			"to": [10, 1.52554, 13.32504],
			"rotation": {"angle": 22.5, "axis": "x", "origin": [6, -63.2127, 4.99929]},
			"faces": {
				"north": {"uv": [2.96875, 10.78125, 3.21875, 10.90625], "texture": "#main", "tintindex": 0},
				"east": {"uv": [2.375, 10.78125, 2.96875, 10.90625], "texture": "#main", "tintindex": 0},
				"south": {"uv": [3.8125, 10.78125, 4.0625, 10.90625], "texture": "#main", "tintindex": 0},
				"west": {"uv": [3.21875, 10.78125, 3.8125, 10.90625], "texture": "#main", "tintindex": 0},
				"up": {"uv": [3.21875, 10.78125, 2.96875, 10.1875], "texture": "#main", "tintindex": 0},
				"down": {"uv": [3.46875, 10.1875, 3.21875, 10.78125], "texture": "#main", "tintindex": 0}
			}
		},
		{
			"from": [5.5, -2.4712, 2.99769],
			"to": [10.5, 0.5288, 8.99769],
			"rotation": {"angle": 22.5, "axis": "x", "origin": [8.5, -89.9206, 3.59792]},
			"faces": {
				"north": {"uv": [3.78125, 8.375, 4.09375, 8.5625], "texture": "#main", "tintindex": 0},
				"east": {"uv": [3.40625, 8.375, 3.78125, 8.5625], "texture": "#main", "tintindex": 0},
				"south": {"uv": [4.46875, 8.375, 4.78125, 8.5625], "texture": "#main", "tintindex": 0},
				"west": {"uv": [4.09375, 8.375, 4.46875, 8.5625], "texture": "#main", "tintindex": 0},
				"up": {"uv": [4.09375, 8.375, 3.78125, 8], "texture": "#main", "tintindex": 0},
				"down": {"uv": [4.40625, 8, 4.09375, 8.375], "texture": "#main", "tintindex": 0}
			}
		},
		{
			"from": [5.5, 4.97913, -2.05023],
			"to": [10.5, 9.47913, 2.94977],
			"rotation": {"angle": 22.5, "axis": "x", "origin": [8, 29.93334, 4.05]},
			"faces": {
				"north": {"uv": [2, 10.5, 2.3125, 10.78125], "texture": "#main", "tintindex": 0},
				"east": {"uv": [1.6875, 10.5, 2, 10.78125], "texture": "#main", "tintindex": 0},
				"south": {"uv": [2.625, 10.5, 2.9375, 10.78125], "texture": "#main", "tintindex": 0},
				"west": {"uv": [2.3125, 10.5, 2.625, 10.78125], "texture": "#main", "tintindex": 0},
				"up": {"uv": [2.3125, 10.5, 2, 10.1875], "texture": "#main", "tintindex": 0},
				"down": {"uv": [2.625, 10.1875, 2.3125, 10.5], "texture": "#main", "tintindex": 0}
			}
		},
		{
			"from": [4, 4.13659, 1.2277],
			"to": [12, 9.63659, 4.2277],
			"rotation": {"angle": 22.5, "axis": "x", "origin": [8, 25.43334, 4.05]},
			"faces": {
				"north": {"uv": [3.59375, 8.75, 4.09375, 9.09375], "texture": "#main", "tintindex": 0},
				"east": {"uv": [3.40625, 8.75, 3.59375, 9.09375], "texture": "#main", "tintindex": 0},
				"south": {"uv": [4.28125, 8.75, 4.78125, 9.09375], "texture": "#main", "tintindex": 0},
				"west": {"uv": [4.09375, 8.75, 4.28125, 9.09375], "texture": "#main", "tintindex": 0},
				"up": {"uv": [4.09375, 8.75, 3.59375, 8.5625], "texture": "#main", "tintindex": 0},
				"down": {"uv": [4.59375, 8.5625, 4.09375, 8.75], "texture": "#main", "tintindex": 0}
			}
		},
		{
			"from": [4, 4.85974, -8.13681],
			"to": [12, 13.85974, 0.86319],
			"rotation": {"angle": 22.5, "axis": "x", "origin": [8, 38.86667, 0.1]},
			"faces": {
				"north": {"uv": [5.0625, 8.28125, 5.3125, 8.5625], "texture": "#main", "tintindex": 0},
				"east": {"uv": [4.78125, 8.28125, 5.0625, 8.5625], "texture": "#main", "tintindex": 0},
				"south": {"uv": [5.59375, 8.28125, 5.84375, 8.5625], "texture": "#main", "tintindex": 0},
				"west": {"uv": [5.3125, 8.28125, 5.59375, 8.5625], "texture": "#main", "tintindex": 0},
				"up": {"uv": [5.3125, 8.28125, 5.0625, 8], "texture": "#main", "tintindex": 0},
				"down": {"uv": [5.5625, 8, 5.3125, 8.28125], "texture": "#main", "tintindex": 0}
			}
		},
		{
			"from": [2, 11.85974, -0.52809],
			"to": [5, 14.85974, 2.47191],
			"shade": false,
			"rotation": {"angle": 22.5, "axis": "x", "origin": [8, 38.86667, 0.1]},
			"faces": {
				"north": {"uv": [1, 8.09375, 0.90625, 8.1875], "texture": "#main", "tintindex": 0},
				"east": {"uv": [1.09375, 8.09375, 1, 8.1875], "texture": "#main", "tintindex": 0},
				"south": {"uv": [1.1875, 8.09375, 1.09375, 8.1875], "texture": "#main", "tintindex": 0},
				"west": {"uv": [0.90625, 8.09375, 0.8125, 8.1875], "texture": "#main", "tintindex": 0},
				"up": {"uv": [0.90625, 8.09375, 1, 8], "texture": "#main", "tintindex": 0},
				"down": {"uv": [1, 8, 1.09375, 8.09375], "texture": "#main", "tintindex": 0}
			}
		},
		{
			"from": [2, 3.85974, -0.52809],
			"to": [5, 6.85974, 2.47191],
			"shade": false,
			"rotation": {"angle": 22.5, "axis": "x", "origin": [8, 38.86667, 0.1]},
			"faces": {
				"north": {"uv": [1, 8.09375, 0.90625, 8.1875], "texture": "#main", "tintindex": 0},
				"east": {"uv": [1.09375, 8.09375, 1, 8.1875], "texture": "#main", "tintindex": 0},
				"south": {"uv": [1.1875, 8.09375, 1.09375, 8.1875], "texture": "#main", "tintindex": 0},
				"west": {"uv": [0.90625, 8.09375, 0.8125, 8.1875], "texture": "#main", "tintindex": 0},
				"up": {"uv": [0.90625, 8.09375, 1, 8], "texture": "#main", "tintindex": 0},
				"down": {"uv": [1, 8, 1.09375, 8.09375], "texture": "#main", "tintindex": 0}
			}
		},
		{
			"from": [11, 3.85974, -0.52809],
			"to": [14, 6.85974, 2.47191],
			"rotation": {"angle": 22.5, "axis": "x", "origin": [8, 38.86667, 0.1]},
			"faces": {
				"north": {"uv": [0.90625, 8.09375, 1, 8.1875], "texture": "#main", "tintindex": 0},
				"east": {"uv": [0.8125, 8.09375, 0.90625, 8.1875], "texture": "#main", "tintindex": 0},
				"south": {"uv": [1.09375, 8.09375, 1.1875, 8.1875], "texture": "#main", "tintindex": 0},
				"west": {"uv": [1, 8.09375, 1.09375, 8.1875], "texture": "#main", "tintindex": 0},
				"up": {"uv": [1, 8.09375, 0.90625, 8], "texture": "#main", "tintindex": 0},
				"down": {"uv": [1.09375, 8, 1, 8.09375], "texture": "#main", "tintindex": 0}
			}
		},
		{
			"from": [11, 11.85974, -0.52809],
			"to": [14, 14.85974, 2.47191],
			"rotation": {"angle": 22.5, "axis": "x", "origin": [8, 38.86667, 0.1]},
			"faces": {
				"north": {"uv": [0.90625, 8.09375, 1, 8.1875], "texture": "#main", "tintindex": 0},
				"east": {"uv": [0.8125, 8.09375, 0.90625, 8.1875], "texture": "#main", "tintindex": 0},
				"south": {"uv": [1.09375, 8.09375, 1.1875, 8.1875], "texture": "#main", "tintindex": 0},
				"west": {"uv": [1, 8.09375, 1.09375, 8.1875], "texture": "#main", "tintindex": 0},
				"up": {"uv": [1, 8.09375, 0.90625, 8], "texture": "#main", "tintindex": 0},
				"down": {"uv": [1.09375, 8, 1, 8.09375], "texture": "#main", "tintindex": 0}
			}
		},
		{
			"from": [-0.5, -8.00985, 10.53505],
			"to": [4, 1.49015, 15.03505],
			"rotation": {"angle": 45, "axis": "x", "origin": [8, 1.00969, 12.64014]},
			"faces": {
				"north": {"uv": [0.28125, 8.875, 0.5625, 9.46875], "texture": "#main", "tintindex": 0},
				"east": {"uv": [0, 8.875, 0.28125, 9.46875], "texture": "#main", "tintindex": 0},
				"south": {"uv": [0.84375, 8.875, 1.125, 9.46875], "texture": "#main", "tintindex": 0},
				"west": {"uv": [0.5625, 8.875, 0.84375, 9.46875], "texture": "#main", "tintindex": 0},
				"up": {"uv": [0.5625, 8.875, 0.28125, 8.59375], "texture": "#main", "tintindex": 0},
				"down": {"uv": [0.84375, 8.59375, 0.5625, 8.875], "texture": "#main", "tintindex": 0}
			}
		},
		{
			"from": [-0.5, -2.61423, -2.39403],
			"to": [2.5, 3.88577, 0.60597],
			"rotation": {"angle": 0, "axis": "x", "origin": [8, 3.88577, -0.88723]},
			"faces": {
				"north": {"uv": [0.1875, 8.1875, 0.375, 8.59375], "texture": "#main", "tintindex": 0},
				"east": {"uv": [0, 8.1875, 0.1875, 8.59375], "texture": "#main", "tintindex": 0},
				"south": {"uv": [0.5625, 8.1875, 0.75, 8.59375], "texture": "#main", "tintindex": 0},
				"west": {"uv": [0.375, 8.1875, 0.5625, 8.59375], "texture": "#main", "tintindex": 0},
				"up": {"uv": [0.375, 8.1875, 0.1875, 8], "texture": "#main", "tintindex": 0},
				"down": {"uv": [0.5625, 8, 0.375, 8.1875], "texture": "#main", "tintindex": 0}
			}
		},
		{
			"from": [13.5, -2.61423, -2.39403],
			"to": [16.5, 3.88577, 0.60597],
			"shade": false,
			"rotation": {"angle": 45, "axis": "x", "origin": [8, 3.88577, -0.88723]},
			"faces": {
				"north": {"uv": [0.375, 8.1875, 0.1875, 8.59375], "texture": "#main", "tintindex": 0},
				"east": {"uv": [0.5625, 8.1875, 0.375, 8.59375], "texture": "#main", "tintindex": 0},
				"south": {"uv": [0.75, 8.1875, 0.5625, 8.59375], "texture": "#main", "tintindex": 0},
				"west": {"uv": [0.1875, 8.1875, 0, 8.59375], "texture": "#main", "tintindex": 0},
				"up": {"uv": [0.1875, 8.1875, 0.375, 8], "texture": "#main", "tintindex": 0},
				"down": {"uv": [0.375, 8, 0.5625, 8.1875], "texture": "#main", "tintindex": 0}
			}
		},
		{
			"from": [12, -8.00985, 10.53505],
			"to": [16.5, 1.49015, 15.03505],
			"shade": false,
			"rotation": {"angle": 0, "axis": "x", "origin": [8, 1.00969, 12.64014]},
			"faces": {
				"north": {"uv": [0.5625, 8.875, 0.28125, 9.46875], "texture": "#main", "tintindex": 0},
				"east": {"uv": [0.84375, 8.875, 0.5625, 9.46875], "texture": "#main", "tintindex": 0},
				"south": {"uv": [1.125, 8.875, 0.84375, 9.46875], "texture": "#main", "tintindex": 0},
				"west": {"uv": [0.28125, 8.875, 0, 9.46875], "texture": "#main", "tintindex": 0},
				"up": {"uv": [0.28125, 8.875, 0.5625, 8.59375], "texture": "#main", "tintindex": 0},
				"down": {"uv": [0.5625, 8.59375, 0.84375, 8.875], "texture": "#main", "tintindex": 0}
			}
		},
		{
			"from": [0, 0, -4],
			"to": [16, 11.5, 18.5],
			"rotation": {"angle": 22.5, "axis": "x", "origin": [8, 3.93334, 4.05]},
			"faces": {
				"north": {"uv": [1.40625, 1.46875, 2.40625, 2.1875], "texture": "#main", "tintindex": 0},
				"east": {"uv": [0, 1.46875, 1.40625, 2.1875], "texture": "#main", "tintindex": 0},
				"south": {"uv": [3.8125, 1.46875, 4.8125, 2.1875], "texture": "#main", "tintindex": 0},
				"west": {"uv": [2.40625, 1.46875, 3.8125, 2.1875], "texture": "#main", "tintindex": 0},
				"up": {"uv": [2.40625, 1.46875, 1.40625, 0.0625], "texture": "#main", "tintindex": 0},
				"down": {"uv": [3.40625, 0.0625, 2.40625, 1.46875], "texture": "#main", "tintindex": 0}
			}
		},
		{
			"from": [4, 0.0313, 3.5238],
			"to": [12, 7.0313, 14.5238],
			"rotation": {"angle": 22.5, "axis": "x", "origin": [8, -35.06666, 4.05]},
			"faces": {
				"north": {"uv": [0.6875, 2.875, 1.1875, 3.3125], "texture": "#main", "tintindex": 0},
				"east": {"uv": [0, 2.875, 0.6875, 3.3125], "texture": "#main", "tintindex": 0},
				"south": {"uv": [1.875, 2.875, 2.375, 3.3125], "texture": "#main", "tintindex": 0},
				"west": {"uv": [1.1875, 2.875, 1.875, 3.3125], "texture": "#main", "tintindex": 0},
				"up": {"uv": [1.1875, 2.875, 0.6875, 2.1875], "texture": "#main", "tintindex": 0},
				"down": {"uv": [1.6875, 2.1875, 1.1875, 2.875], "texture": "#main", "tintindex": 0}
			}
		},
		{
			"from": [6, -0.47446, 3.82504],
			"to": [10, 1.52554, 13.32504],
			"rotation": {"angle": 22.5, "axis": "x", "origin": [6, -63.2127, 4.99929]},
			"faces": {
				"north": {"uv": [2.96875, 2.78125, 3.21875, 2.90625], "texture": "#main", "tintindex": 0},
				"east": {"uv": [2.375, 2.78125, 2.96875, 2.90625], "texture": "#main", "tintindex": 0},
				"south": {"uv": [3.8125, 2.78125, 4.0625, 2.90625], "texture": "#main", "tintindex": 0},
				"west": {"uv": [3.21875, 2.78125, 3.8125, 2.90625], "texture": "#main", "tintindex": 0},
				"up": {"uv": [3.21875, 2.78125, 2.96875, 2.1875], "texture": "#main", "tintindex": 0},
				"down": {"uv": [3.46875, 2.1875, 3.21875, 2.78125], "texture": "#main", "tintindex": 0}
			}
		},
		{
			"from": [5.5, -2.4712, 2.99769],
			"to": [10.5, 0.5288, 8.99769],
			"rotation": {"angle": 22.5, "axis": "x", "origin": [8.5, -89.9206, 3.59792]},
			"faces": {
				"north": {"uv": [3.78125, 0.375, 4.09375, 0.5625], "texture": "#main", "tintindex": 0},
				"east": {"uv": [3.40625, 0.375, 3.78125, 0.5625], "texture": "#main", "tintindex": 0},
				"south": {"uv": [4.46875, 0.375, 4.78125, 0.5625], "texture": "#main", "tintindex": 0},
				"west": {"uv": [4.09375, 0.375, 4.46875, 0.5625], "texture": "#main", "tintindex": 0},
				"up": {"uv": [4.09375, 0.375, 3.78125, 0], "texture": "#main", "tintindex": 0},
				"down": {"uv": [4.40625, 0, 4.09375, 0.375], "texture": "#main", "tintindex": 0}
			}
		},
		{
			"from": [5.5, 4.97913, -2.05023],
			"to": [10.5, 9.47913, 2.94977],
			"rotation": {"angle": 22.5, "axis": "x", "origin": [8, 29.93334, 4.05]},
			"faces": {
				"north": {"uv": [2, 2.5, 2.3125, 2.78125], "texture": "#main", "tintindex": 0},
				"east": {"uv": [1.6875, 2.5, 2, 2.78125], "texture": "#main", "tintindex": 0},
				"south": {"uv": [2.625, 2.5, 2.9375, 2.78125], "texture": "#main", "tintindex": 0},
				"west": {"uv": [2.3125, 2.5, 2.625, 2.78125], "texture": "#main", "tintindex": 0},
				"up": {"uv": [2.3125, 2.5, 2, 2.1875], "texture": "#main", "tintindex": 0},
				"down": {"uv": [2.625, 2.1875, 2.3125, 2.5], "texture": "#main", "tintindex": 0}
			}
		},
		{
			"from": [4, 4.13659, 1.2277],
			"to": [12, 9.63659, 4.2277],
			"rotation": {"angle": 22.5, "axis": "x", "origin": [8, 25.43334, 4.05]},
			"faces": {
				"north": {"uv": [3.59375, 0.75, 4.09375, 1.09375], "texture": "#main", "tintindex": 0},
				"east": {"uv": [3.40625, 0.75, 3.59375, 1.09375], "texture": "#main", "tintindex": 0},
				"south": {"uv": [4.28125, 0.75, 4.78125, 1.09375], "texture": "#main", "tintindex": 0},
				"west": {"uv": [4.09375, 0.75, 4.28125, 1.09375], "texture": "#main", "tintindex": 0},
				"up": {"uv": [4.09375, 0.75, 3.59375, 0.5625], "texture": "#main", "tintindex": 0},
				"down": {"uv": [4.59375, 0.5625, 4.09375, 0.75], "texture": "#main", "tintindex": 0}
			}
		},
		{
			"from": [4, 4.85974, -8.13681],
			"to": [12, 13.85974, 0.86319],
			"rotation": {"angle": 22.5, "axis": "x", "origin": [8, 38.86667, 0.1]},
			"faces": {
				"north": {"uv": [5.0625, 0.28125, 5.3125, 0.5625], "texture": "#main", "tintindex": 0},
				"east": {"uv": [4.78125, 0.28125, 5.0625, 0.5625], "texture": "#main", "tintindex": 0},
				"south": {"uv": [5.59375, 0.28125, 5.84375, 0.5625], "texture": "#main", "tintindex": 0},
				"west": {"uv": [5.3125, 0.28125, 5.59375, 0.5625], "texture": "#main", "tintindex": 0},
				"up": {"uv": [5.3125, 0.28125, 5.0625, 0], "texture": "#main", "tintindex": 0},
				"down": {"uv": [5.5625, 0, 5.3125, 0.28125], "texture": "#main", "tintindex": 0}
			}
		},
		{
			"from": [2, 11.85974, -0.52809],
			"to": [5, 14.85974, 2.47191],
			"shade": false,
			"rotation": {"angle": 22.5, "axis": "x", "origin": [8, 38.86667, 0.1]},
			"faces": {
				"north": {"uv": [1, 0.09375, 0.90625, 0.1875], "texture": "#main", "tintindex": 0},
				"east": {"uv": [1.09375, 0.09375, 1, 0.1875], "texture": "#main", "tintindex": 0},
				"south": {"uv": [1.1875, 0.09375, 1.09375, 0.1875], "texture": "#main", "tintindex": 0},
				"west": {"uv": [0.90625, 0.09375, 0.8125, 0.1875], "texture": "#main", "tintindex": 0},
				"up": {"uv": [0.90625, 0.09375, 1, 0], "texture": "#main", "tintindex": 0},
				"down": {"uv": [1, 0, 1.09375, 0.09375], "texture": "#main", "tintindex": 0}
			}
		},
		{
			"from": [2, 3.85974, -0.52809],
			"to": [5, 6.85974, 2.47191],
			"shade": false,
			"rotation": {"angle": 22.5, "axis": "x", "origin": [8, 38.86667, 0.1]},
			"faces": {
				"north": {"uv": [1, 0.09375, 0.90625, 0.1875], "texture": "#main", "tintindex": 0},
				"east": {"uv": [1.09375, 0.09375, 1, 0.1875], "texture": "#main", "tintindex": 0},
				"south": {"uv": [1.1875, 0.09375, 1.09375, 0.1875], "texture": "#main", "tintindex": 0},
				"west": {"uv": [0.90625, 0.09375, 0.8125, 0.1875], "texture": "#main", "tintindex": 0},
				"up": {"uv": [0.90625, 0.09375, 1, 0], "texture": "#main", "tintindex": 0},
				"down": {"uv": [1, 0, 1.09375, 0.09375], "texture": "#main", "tintindex": 0}
			}
		},
		{
			"from": [11, 3.85974, -0.52809],
			"to": [14, 6.85974, 2.47191],
			"rotation": {"angle": 22.5, "axis": "x", "origin": [8, 38.86667, 0.1]},
			"faces": {
				"north": {"uv": [0.90625, 0.09375, 1, 0.1875], "texture": "#main", "tintindex": 0},
				"east": {"uv": [0.8125, 0.09375, 0.90625, 0.1875], "texture": "#main", "tintindex": 0},
				"south": {"uv": [1.09375, 0.09375, 1.1875, 0.1875], "texture": "#main", "tintindex": 0},
				"west": {"uv": [1, 0.09375, 1.09375, 0.1875], "texture": "#main", "tintindex": 0},
				"up": {"uv": [1, 0.09375, 0.90625, 0], "texture": "#main", "tintindex": 0},
				"down": {"uv": [1.09375, 0, 1, 0.09375], "texture": "#main", "tintindex": 0}
			}
		},
		{
			"from": [11, 11.85974, -0.52809],
			"to": [14, 14.85974, 2.47191],
			"rotation": {"angle": 22.5, "axis": "x", "origin": [8, 38.86667, 0.1]},
			"faces": {
				"north": {"uv": [0.90625, 0.09375, 1, 0.1875], "texture": "#main", "tintindex": 0},
				"east": {"uv": [0.8125, 0.09375, 0.90625, 0.1875], "texture": "#main", "tintindex": 0},
				"south": {"uv": [1.09375, 0.09375, 1.1875, 0.1875], "texture": "#main", "tintindex": 0},
				"west": {"uv": [1, 0.09375, 1.09375, 0.1875], "texture": "#main", "tintindex": 0},
				"up": {"uv": [1, 0.09375, 0.90625, 0], "texture": "#main", "tintindex": 0},
				"down": {"uv": [1.09375, 0, 1, 0.09375], "texture": "#main", "tintindex": 0}
			}
		},
		{
			"from": [-0.5, -4.5, 11],
			"to": [4, 5, 15.5],
			"rotation": {"angle": 22.5, "axis": "x", "origin": [8, 3.93334, 4.05]},
			"faces": {
				"north": {"uv": [0.28125, 0.875, 0.5625, 1.46875], "texture": "#main", "tintindex": 0},
				"east": {"uv": [0, 0.875, 0.28125, 1.46875], "texture": "#main", "tintindex": 0},
				"south": {"uv": [0.84375, 0.875, 1.125, 1.46875], "texture": "#main", "tintindex": 0},
				"west": {"uv": [0.5625, 0.875, 0.84375, 1.46875], "texture": "#main", "tintindex": 0},
				"up": {"uv": [0.5625, 0.875, 0.28125, 0.59375], "texture": "#main", "tintindex": 0},
				"down": {"uv": [0.84375, 0.59375, 0.5625, 0.875], "texture": "#main", "tintindex": 0}
			}
		},
		{
			"from": [-0.5, -4.5, -2],
			"to": [2.5, 2, 1],
			"rotation": {"angle": 22.5, "axis": "x", "origin": [8, 3.93334, 4.05]},
			"faces": {
				"north": {"uv": [0.1875, 0.1875, 0.375, 0.59375], "texture": "#main", "tintindex": 0},
				"east": {"uv": [0, 0.1875, 0.1875, 0.59375], "texture": "#main", "tintindex": 0},
				"south": {"uv": [0.5625, 0.1875, 0.75, 0.59375], "texture": "#main", "tintindex": 0},
				"west": {"uv": [0.375, 0.1875, 0.5625, 0.59375], "texture": "#main", "tintindex": 0},
				"up": {"uv": [0.375, 0.1875, 0.1875, 0], "texture": "#main", "tintindex": 0},
				"down": {"uv": [0.5625, 0, 0.375, 0.1875], "texture": "#main", "tintindex": 0}
			}
		},
		{
			"from": [13.5, -4.5, -2],
			"to": [16.5, 2, 1],
			"shade": false,
			"rotation": {"angle": 22.5, "axis": "x", "origin": [8, 3.93334, 4.05]},
			"faces": {
				"north": {"uv": [0.375, 0.1875, 0.1875, 0.59375], "texture": "#main", "tintindex": 0},
				"east": {"uv": [0.5625, 0.1875, 0.375, 0.59375], "texture": "#main", "tintindex": 0},
				"south": {"uv": [0.75, 0.1875, 0.5625, 0.59375], "texture": "#main", "tintindex": 0},
				"west": {"uv": [0.1875, 0.1875, 0, 0.59375], "texture": "#main", "tintindex": 0},
				"up": {"uv": [0.1875, 0.1875, 0.375, 0], "texture": "#main", "tintindex": 0},
				"down": {"uv": [0.375, 0, 0.5625, 0.1875], "texture": "#main", "tintindex": 0}
			}
		},
		{
			"from": [12, -4.5, 11],
			"to": [16.5, 5, 15.5],
			"shade": false,
			"rotation": {"angle": 22.5, "axis": "x", "origin": [8, 3.93334, 4.05]},
			"faces": {
				"north": {"uv": [0.5625, 0.875, 0.28125, 1.46875], "texture": "#main", "tintindex": 0},
				"east": {"uv": [0.84375, 0.875, 0.5625, 1.46875], "texture": "#main", "tintindex": 0},
				"south": {"uv": [1.125, 0.875, 0.84375, 1.46875], "texture": "#main", "tintindex": 0},
				"west": {"uv": [0.28125, 0.875, 0, 1.46875], "texture": "#main", "tintindex": 0},
				"up": {"uv": [0.28125, 0.875, 0.5625, 0.59375], "texture": "#main", "tintindex": 0},
				"down": {"uv": [0.5625, 0.59375, 0.84375, 0.875], "texture": "#main", "tintindex": 0}
			}
		}
	],
	"display": {
		"ground": {
			"rotation": [-157.5, 0, -180],
			"translation": [0, -3.75, 0]
		},
		"fixed": {
			"rotation": [-67, 0, 0],
			"translation": [0, -0.5, -79],
			"scale": [4, 4, 4]
		}
	},
	"groups": [0, 1, 2, 3, 4, 5, 6, 7, 8, 9, 10, 11, 12, 13, 14, 15, 16, 17, 18, 19, 20, 21, 22, 23, 24, 25, 26, 27, 28, 29,
		{
			"name": "Entire",
			"origin": [0, 0, 0],
			"color": 0,
			"children": [
				{
					"name": "Body",
					"origin": [0, 0, 0],
					"color": 0,
					"children": [30, 31, 32, 33]
				},
				{
					"name": "Head",
					"origin": [0, 0, 0],
					"color": 0,
					"children": [34, 35, 36, 37, 38, 39, 40]
				},
				{
					"name": "Limbs",
					"origin": [0, 0, 0],
					"color": 0,
					"children": [41, 42, 43, 44]
				}
			]
		}
	]
}