{
	"textures": {
		"top": "all",
		"bottom": "all",
		"north": "all",
		"south": "all",
		"east": "all",
		"west": "all"
	},
	"elements": [
		{
			"from": [-8, -8, -8],
			"to": [24, 24, 24],
			"faces": {
				"north": {"uv": [0, 0, 16, 16], "texture": "#north", "cullface": "north", "tintindex": 0},
				"east": {"uv": [0, 0, 16, 16], "texture": "#east", "cullface": "east", "tintindex": 0},
				"south": {"uv": [0, 0, 16, 16], "texture": "#south", "cullface": "south", "tintindex": 0},
				"west": {"uv": [0, 0, 16, 16], "texture": "#west", "cullface": "west", "tintindex": 0},
				"up": {"uv": [0, 0, 16, 16], "texture": "#top", "cullface": "up", "tintindex": 0},
				"down": {"uv": [0, 0, 16, 16], "texture": "#bottom", "cullface": "down", "tintindex": 0}
			}
		}
	],
	"display": {
		"thirdperson_righthand": {
			"rotation": [75, 45, 0],
			"translation": [0, 2.5, 0],
			"scale": [0.187, 0.187, 0.187]
		},
		"thirdperson_lefthand": {
			"rotation": [75, 45, 0],
			"translation": [0, 2.5, 0],
			"scale": [0.187, 0.187, 0.187]
		},
		"firstperson_righthand": {
			"rotation": [0, 45, 0],
			"scale": [0.2, 0.2, 0.2]
		},
		"firstperson_lefthand": {
			"rotation": [0, 225, 0],
			"scale": [0.2, 0.2, 0.2]
		},
		"ground": {
			"translation": [0, 3, 0],
			"scale": [0.13, 0.13, 0.13]
		},
		"gui": {
			"rotation": [30, 225, 0],
			"scale": [0.312, 0.312, 0.312]
		},
		"head": {
			"rotation": [-30, 0, 0],
			"translation": [0, -18.44, -14.3],
			"scale": [2.98, 2.98, 2.98]
		},
		"fixed": {
			"scale": [0.25, 0.25, 0.25]
		}
	}
}
