{
	"parent": "dnd:block/crafting_station",
  "textures": {
		"back": "dnd:block/paleontology_table_front",
		"left": "dnd:block/paleontology_table_side",
		"right": "dnd:block/paleontology_table_side",
		"bottom": "dnd:block/paleontology_table_bottom",
		"top": "dnd:block/paleontology_table_top",
		"front": "dnd:block/paleontology_table_front",
		"particle": "dnd:block/paleontology_table_top"
  },
  "display": {
    "head": {
      "rotation": [0, 0, 0],
      "translation": [0, -43.23, 0],
      "scale": [1.601, 1.601, 1.601]
    }
  }
}
