{
	"textures": {
		"0": "dnd:entity/fossil/dung",
		"particle": "dnd:entity/fossil/dung"
	},
	"elements": [
		{
			"from": [4, 0, 2],
			"to": [12, 6, 14],
			"faces": {
				"north": {"uv": [0, 8, 8, 14], "texture": "#0"},
				"east": {"uv": [0, 0, 12, 6], "texture": "#0"},
				"south": {"uv": [0, 8, 8, 14], "texture": "#0"},
				"west": {"uv": [0, 0, 12, 6], "texture": "#0"},
				"up": {"uv": [0, 0, 12, 8], "rotation": 90, "texture": "#0"},
				"down": {"uv": [0, 0, 12, 8], "rotation": 90, "texture": "#0"}
			}
		}
	],
	"display": {
		"head": {
			"translation": [0, -32, 0],
			"scale": [1.601, 1.601, 1.601]
		}
	}
}
