{
	"texture_size": [128, 128],
	"textures": {
		"0": "dnd:entity/fossil/gallimimus"
	},
	"elements": [
		{
			"from": [2.99827, 7, -7.5],
			"to": [12.99827, 20, 20.5],
			"rotation": {"angle": 22.5, "axis": "x", "origin": [8, 6.20588, 9.08824]},
			"faces": {
				"north": {"uv": [3.5, 3.5, 4.75, 5.125], "texture": "#0", "tintindex": 0},
				"east": {"uv": [0, 3.5, 3.5, 5.125], "texture": "#0", "tintindex": 0},
				"south": {"uv": [8.25, 3.5, 9.5, 5.125], "texture": "#0", "tintindex": 0},
				"west": {"uv": [4.75, 3.5, 8.25, 5.125], "texture": "#0", "tintindex": 0},
				"up": {"uv": [4.75, 3.5, 3.5, 0], "texture": "#0", "tintindex": 0},
				"down": {"uv": [6, 0, 4.75, 3.5], "texture": "#0", "tintindex": 0}
			}
		},
		{
			"from": [2.99827, 20, -7.5],
			"to": [12.99827, 7, 20.5],
			"rotation": {"angle": 22.5, "axis": "x", "origin": [8, 6.20588, 9.08824]},
			"faces": {
				"north": {"uv": [3.5, 3.5, 4.75, 5.125], "rotation": 180, "texture": "#0", "tintindex": 0},
				"east": {"uv": [4.75, 3.5, 8.25, 5.125], "rotation": 180, "texture": "#0", "tintindex": 0},
				"south": {"uv": [8.25, 3.5, 9.5, 5.125], "rotation": 180, "texture": "#0", "tintindex": 0},
				"west": {"uv": [0, 3.5, 3.5, 5.125], "rotation": 180, "texture": "#0", "tintindex": 0},
				"up": {"uv": [6, 3.5, 4.75, 0], "texture": "#0", "tintindex": 0},
				"down": {"uv": [4.75, 0, 3.5, 3.5], "texture": "#0", "tintindex": 0}
			}
		},
		{
			"from": [4.99827, 7.71639, 9.0195],
			"to": [10.99827, 16.71639, 26.0195],
			"rotation": {"angle": 22.5, "axis": "x", "origin": [8, -23.79412, 9.08824]},
			"faces": {
				"north": {"uv": [6.125, 7.25, 6.875, 8.375], "texture": "#0", "tintindex": 0},
				"east": {"uv": [4, 7.25, 6.125, 8.375], "texture": "#0", "tintindex": 0},
				"south": {"uv": [9, 7.25, 9.75, 8.375], "texture": "#0", "tintindex": 0},
				"west": {"uv": [6.875, 7.25, 9, 8.375], "texture": "#0", "tintindex": 0},
				"up": {"uv": [6.875, 7.25, 6.125, 5.125], "texture": "#0", "tintindex": 0},
				"down": {"uv": [7.625, 5.125, 6.875, 7.25], "texture": "#0", "tintindex": 0}
			}
		},
		{
			"from": [4.99827, 16.71639, 9.0195],
			"to": [10.99827, 7.71639, 26.0195],
			"rotation": {"angle": 22.5, "axis": "x", "origin": [8, -23.79412, 9.08824]},
			"faces": {
				"north": {"uv": [6.125, 7.25, 6.875, 8.375], "texture": "#0", "tintindex": 0},
				"east": {"uv": [6.875, 7.25, 9, 8.375], "rotation": 180, "texture": "#0", "tintindex": 0},
				"south": {"uv": [9, 7.25, 9.75, 8.375], "rotation": 180, "texture": "#0", "tintindex": 0},
				"west": {"uv": [4, 7.25, 6.125, 8.375], "rotation": 180, "texture": "#0", "tintindex": 0},
				"up": {"uv": [7.625, 7.25, 6.875, 5.125], "texture": "#0", "tintindex": 0},
				"down": {"uv": [6.875, 5.125, 6.125, 7.25], "texture": "#0", "tintindex": 0}
			}
		},
		{
			"from": [6.49827, 4.76856, 1.14507],
			"to": [9.49827, 10.76856, 27.14507],
			"rotation": {"angle": 22.5, "axis": "x", "origin": [8, -88.79412, 9.08824]},
			"faces": {
				"north": {"uv": [3.25, 8.375, 3.625, 9.125], "texture": "#0", "tintindex": 0},
				"east": {"uv": [0, 8.375, 3.25, 9.125], "texture": "#0", "tintindex": 0},
				"south": {"uv": [6.875, 8.375, 7.25, 9.125], "texture": "#0", "tintindex": 0},
				"west": {"uv": [3.625, 8.375, 6.875, 9.125], "texture": "#0", "tintindex": 0},
				"up": {"uv": [3.625, 8.375, 3.25, 5.125], "texture": "#0", "tintindex": 0},
				"down": {"uv": [4, 5.125, 3.625, 8.375], "texture": "#0", "tintindex": 0}
			}
		},
		{
			"from": [6.49827, 10.76856, 1.14507],
			"to": [9.49827, 4.76856, 27.14507],
			"rotation": {"angle": 22.5, "axis": "x", "origin": [8, -88.79412, 9.08824]},
			"faces": {
				"north": {"uv": [3.25, 8.375, 3.625, 9.125], "texture": "#0", "tintindex": 0},
				"east": {"uv": [0, 8.375, 3.25, 9.125], "texture": "#0", "tintindex": 0},
				"south": {"uv": [6.875, 8.375, 7.25, 9.125], "rotation": 180, "texture": "#0", "tintindex": 0},
				"west": {"uv": [3.625, 8.375, 6.875, 9.125], "texture": "#0", "tintindex": 0},
				"up": {"uv": [4, 8.375, 3.625, 5.125], "texture": "#0", "tintindex": 0},
				"down": {"uv": [3.625, 5.125, 3.25, 8.375], "texture": "#0", "tintindex": 0}
			}
		},
		{
			"from": [5.99827, 20.41481, -15.36571],
			"to": [9.99827, 24.41481, -1.36571],
			"rotation": {"angle": 0, "axis": "x", "origin": [8, 36.20588, 57.08824]},
			"faces": {
				"north": {"uv": [9.5, 5.125, 10, 5.625], "texture": "#0", "tintindex": 0},
				"east": {"uv": [7.75, 5.125, 9.5, 5.625], "texture": "#0", "tintindex": 0},
				"south": {"uv": [11.75, 5.125, 12.25, 5.625], "texture": "#0", "tintindex": 0},
				"west": {"uv": [10, 5.125, 11.75, 5.625], "texture": "#0", "tintindex": 0},
				"up": {"uv": [10, 5.125, 9.5, 3.375], "texture": "#0", "tintindex": 0},
				"down": {"uv": [10.5, 3.375, 10, 5.125], "texture": "#0", "tintindex": 0}
			}
		},
		{
			"from": [5.99827, 24.41481, -15.36571],
			"to": [9.99827, 20.41481, -1.36571],
			"rotation": {"angle": 0, "axis": "x", "origin": [8, 57.70588, 48.08824]},
			"faces": {
				"north": {"uv": [9.5, 5.125, 10, 5.625], "texture": "#0", "tintindex": 0},
				"east": {"uv": [7.75, 5.125, 9.5, 5.625], "texture": "#0", "tintindex": 0},
				"south": {"uv": [11.75, 5.125, 12.25, 5.625], "texture": "#0", "tintindex": 0},
				"west": {"uv": [10, 5.125, 11.75, 5.625], "texture": "#0", "tintindex": 0},
				"up": {"uv": [10.5, 5.125, 10, 3.375], "texture": "#0", "tintindex": 0},
				"down": {"uv": [10, 3.375, 9.5, 5.125], "texture": "#0", "tintindex": 0}
			}
		},
		{
			"from": [5.99827, 24.41481, -15.36571],
			"to": [9.99827, 30.41481, -11.36571],
			"rotation": {"angle": 0, "axis": "x", "origin": [8, 36.20588, 57.08824]},
			"faces": {
				"north": {"uv": [9.125, 0.5, 9.625, 1.25], "texture": "#0", "tintindex": 0},
				"east": {"uv": [8.625, 0.5, 9.125, 1.25], "texture": "#0", "tintindex": 0},
				"south": {"uv": [10.125, 0.5, 10.625, 1.25], "texture": "#0", "tintindex": 0},
				"west": {"uv": [9.625, 0.5, 10.125, 1.25], "texture": "#0", "tintindex": 0},
				"up": {"uv": [9.625, 0.5, 9.125, 0], "texture": "#0", "tintindex": 0},
				"down": {"uv": [10.125, 0, 9.625, 0.5], "texture": "#0", "tintindex": 0}
			}
		},
		{
			"from": [5.99827, 30.41481, -15.36571],
			"to": [9.99827, 24.41481, -11.36571],
			"rotation": {"angle": 0, "axis": "x", "origin": [8, 57.70588, 48.08824]},
			"faces": {
				"north": {"uv": [9.125, 0.5, 9.625, 1.25], "texture": "#0", "tintindex": 0},
				"east": {"uv": [8.625, 0.5, 9.125, 1.25], "texture": "#0", "tintindex": 0},
				"south": {"uv": [10.125, 0.5, 10.625, 1.25], "rotation": 180, "texture": "#0", "tintindex": 0},
				"west": {"uv": [9.625, 0.5, 10.125, 1.25], "texture": "#0", "tintindex": 0},
				"up": {"uv": [9.625, 0.5, 9.125, 0], "texture": "#0", "tintindex": 0},
				"down": {"uv": [10.125, 0, 9.625, 0.5], "texture": "#0", "tintindex": 0}
			}
		},
		{
			"from": [5.99827, 3.66481, -9.86571],
			"to": [9.99827, 8.66481, -3.86571],
			"rotation": {"angle": 22.5, "axis": "x", "origin": [8, 36.20588, 57.08824]},
			"faces": {
				"north": {"uv": [0.75, 5.875, 1.25, 6.5], "texture": "#0", "tintindex": 0},
				"east": {"uv": [0, 5.875, 0.75, 6.5], "texture": "#0", "tintindex": 0},
				"south": {"uv": [2, 5.875, 2.5, 6.5], "texture": "#0", "tintindex": 0},
				"west": {"uv": [1.25, 5.875, 2, 6.5], "texture": "#0", "tintindex": 0},
				"up": {"uv": [1.25, 5.875, 0.75, 5.125], "texture": "#0", "tintindex": 0},
				"down": {"uv": [1.75, 5.125, 1.25, 5.875], "texture": "#0", "tintindex": 0}
			}
		},
		{
			"from": [5.99827, 4.66481, -15.86571],
			"to": [9.99827, 8.66481, -9.86571],
			"rotation": {"angle": 22.5, "axis": "x", "origin": [8, 36.20588, 57.08824]},
			"faces": {
				"north": {"uv": [0.75, 7.25, 1.25, 7.75], "texture": "#0", "tintindex": 0},
				"east": {"uv": [0, 7.25, 0.75, 7.75], "texture": "#0", "tintindex": 0},
				"south": {"uv": [2, 7.25, 2.5, 7.75], "texture": "#0", "tintindex": 0},
				"west": {"uv": [1.25, 7.25, 2, 7.75], "texture": "#0", "tintindex": 0},
				"up": {"uv": [1.25, 7.25, 0.75, 6.5], "texture": "#0", "tintindex": 0},
				"down": {"uv": [1.75, 6.5, 1.25, 7.25], "texture": "#0", "tintindex": 0}
			}
		},
		{
			"from": [0.99827, 0.15377, 10.03129],
			"to": [5.99827, 13.15377, 21.03129],
			"rotation": {"angle": -22.5, "axis": "x", "origin": [8.00121, 11.64558, 14.99471]},
			"faces": {
				"north": {"uv": [7.375, 1.375, 8, 3], "texture": "#0", "tintindex": 0},
				"east": {"uv": [6, 1.375, 7.375, 3], "texture": "#0", "tintindex": 0},
				"south": {"uv": [9.375, 1.375, 10, 3], "texture": "#0", "tintindex": 0},
				"west": {"uv": [8, 1.375, 9.375, 3], "texture": "#0", "tintindex": 0},
				"up": {"uv": [8, 1.375, 7.375, 0], "texture": "#0", "tintindex": 0},
				"down": {"uv": [8.625, 0, 8, 1.375], "texture": "#0", "tintindex": 0}
			}
		},
		{
			"from": [10.00415, 5.609, 3.50289],
			"to": [15.00415, 16.609, 16.50289],
			"shade": false,
			"rotation": {"angle": -22.5, "axis": "x", "origin": [8.00121, 11.64558, 14.99471]},
			"faces": {
				"north": {"uv": [8, 0, 8.625, 1.375], "rotation": 180, "texture": "#0", "tintindex": 0},
				"east": {"uv": [9.375, 1.375, 8, 3], "rotation": 270, "texture": "#0", "tintindex": 0},
				"south": {"uv": [7.375, 1.375, 8, 0], "texture": "#0", "tintindex": 0},
				"west": {"uv": [7.375, 1.375, 6, 3], "rotation": 90, "texture": "#0", "tintindex": 0},
				"up": {"uv": [8, 1.375, 7.375, 3], "rotation": 180, "texture": "#0", "tintindex": 0},
				"down": {"uv": [10, 1.375, 9.375, 3], "texture": "#0", "tintindex": 0}
			}
		},
		{
			"from": [2.97327, 3.39217, -0.40444],
			"to": [2.97327, 14.39217, 4.59556],
			"rotation": {"angle": 0, "axis": "x", "origin": [8.00121, 8.64217, -1.90444]},
			"faces": {
				"north": {"uv": [4.625, 5.125, 4.625, 6.5], "texture": "#0", "tintindex": 0},
				"east": {"uv": [4, 5.125, 4.625, 6.5], "texture": "#0", "tintindex": 0},
				"south": {"uv": [5.25, 5.125, 5.25, 6.5], "texture": "#0", "tintindex": 0},
				"west": {"uv": [4.625, 5.125, 5.25, 6.5], "texture": "#0", "tintindex": 0},
				"up": {"uv": [4.625, 5.125, 4.625, 4.5], "texture": "#0", "tintindex": 0},
				"down": {"uv": [4.625, 4.5, 4.625, 5.125], "texture": "#0", "tintindex": 0}
			}
		},
		{
			"from": [13.02915, 3.39217, -0.40444],
			"to": [13.02915, 14.39217, 4.59556],
			"shade": false,
			"rotation": {"angle": 0, "axis": "x", "origin": [8.00121, 8.64217, -1.90444]},
			"faces": {
				"north": {"uv": [4.625, 5.125, 4.625, 6.5], "texture": "#0", "tintindex": 0},
				"east": {"uv": [5.25, 5.125, 4.625, 6.5], "texture": "#0", "tintindex": 0},
				"south": {"uv": [5.25, 5.125, 5.25, 6.5], "texture": "#0", "tintindex": 0},
				"west": {"uv": [4.625, 5.125, 4, 6.5], "texture": "#0", "tintindex": 0},
				"up": {"uv": [4.625, 5.125, 4.625, 4.5], "texture": "#0", "tintindex": 0},
				"down": {"uv": [4.625, 4.5, 4.625, 5.125], "texture": "#0", "tintindex": 0}
			}
		},
		{
			"from": [1.97327, 2.39217, -3.40444],
			"to": [3.97327, 14.39217, -0.40444],
			"rotation": {"angle": 0, "axis": "x", "origin": [8.00121, 8.64217, -1.90444]},
			"faces": {
				"north": {"uv": [2.125, 0.375, 2.375, 1.875], "texture": "#0", "tintindex": 0},
				"east": {"uv": [1.75, 0.375, 2.125, 1.875], "texture": "#0", "tintindex": 0},
				"south": {"uv": [2.75, 0.375, 3, 1.875], "texture": "#0", "tintindex": 0},
				"west": {"uv": [2.375, 0.375, 2.75, 1.875], "texture": "#0", "tintindex": 0},
				"up": {"uv": [2.375, 0.375, 2.125, 0], "texture": "#0", "tintindex": 0},
				"down": {"uv": [2.625, 0, 2.375, 0.375], "texture": "#0", "tintindex": 0}
			}
		},
		{
			"from": [12.02915, 2.39217, -3.40444],
			"to": [14.02915, 14.39217, -0.40444],
			"shade": false,
			"rotation": {"angle": 0, "axis": "x", "origin": [8.00121, 8.64217, -1.90444]},
			"faces": {
				"north": {"uv": [2.375, 0.375, 2.125, 1.875], "texture": "#0", "tintindex": 0},
				"east": {"uv": [2.75, 0.375, 2.375, 1.875], "texture": "#0", "tintindex": 0},
				"south": {"uv": [3, 0.375, 2.75, 1.875], "texture": "#0", "tintindex": 0},
				"west": {"uv": [2.125, 0.375, 1.75, 1.875], "texture": "#0", "tintindex": 0},
				"up": {"uv": [2.125, 0.375, 2.375, 0], "texture": "#0", "tintindex": 0},
				"down": {"uv": [2.375, 0, 2.625, 0.375], "texture": "#0", "tintindex": 0}
			}
		},
		{
			"from": [1.99827, -10.84623, 18.03129],
			"to": [4.99827, 8.15377, 22.03129],
			"rotation": {"angle": -22.5, "axis": "x", "origin": [8.00121, 11.64558, 14.99471]},
			"faces": {
				"north": {"uv": [0.5, 0.5, 0.875, 2.875], "texture": "#0", "tintindex": 0},
				"east": {"uv": [0, 0.5, 0.5, 2.875], "texture": "#0", "tintindex": 0},
				"south": {"uv": [1.375, 0.5, 1.75, 2.875], "texture": "#0", "tintindex": 0},
				"west": {"uv": [0.875, 0.5, 1.375, 2.875], "texture": "#0", "tintindex": 0},
				"up": {"uv": [0.875, 0.5, 0.5, 0], "texture": "#0", "tintindex": 0},
				"down": {"uv": [1.25, 0, 0.875, 0.5], "texture": "#0", "tintindex": 0}
			}
		},
		{
			"from": [11.00415, 4.609, -7.49711],
			"to": [14.00415, 8.609, 11.50289],
			"shade": false,
			"rotation": {"angle": -22.5, "axis": "x", "origin": [8.00121, 11.64558, 14.99471]},
			"faces": {
				"north": {"uv": [0.875, 0, 1.25, 0.5], "rotation": 180, "texture": "#0", "tintindex": 0},
				"east": {"uv": [1.375, 0.5, 0.875, 2.875], "rotation": 270, "texture": "#0", "tintindex": 0},
				"south": {"uv": [0.5, 0.5, 0.875, 0], "texture": "#0", "tintindex": 0},
				"west": {"uv": [0.5, 0.5, 0, 2.875], "rotation": 90, "texture": "#0", "tintindex": 0},
				"up": {"uv": [0.875, 0.5, 0.5, 2.875], "rotation": 180, "texture": "#0", "tintindex": 0},
				"down": {"uv": [1.75, 0.5, 1.375, 2.875], "texture": "#0", "tintindex": 0}
			}
		},
		{
			"from": [1.99827, -10.84623, 14.03129],
			"to": [4.99827, -8.84623, 18.03129],
			"rotation": {"angle": -22.5, "axis": "x", "origin": [8.00121, 11.64558, 14.99471]},
			"faces": {
				"north": {"uv": [2.25, 2.375, 2.625, 2.625], "texture": "#0", "tintindex": 0},
				"east": {"uv": [1.75, 2.375, 2.25, 2.625], "texture": "#0", "tintindex": 0},
				"south": {"uv": [3.125, 2.375, 3.5, 2.625], "texture": "#0", "tintindex": 0},
				"west": {"uv": [2.625, 2.375, 3.125, 2.625], "texture": "#0", "tintindex": 0},
				"up": {"uv": [2.625, 2.375, 2.25, 1.875], "texture": "#0", "tintindex": 0},
				"down": {"uv": [3, 1.875, 2.625, 2.375], "texture": "#0", "tintindex": 0}
			}
		},
		{
			"from": [11.00415, 8.609, -7.49711],
			"to": [14.00415, 12.609, -5.49711],
			"shade": false,
			"rotation": {"angle": -22.5, "axis": "x", "origin": [8.00121, 11.64558, 14.99471]},
			"faces": {
				"north": {"uv": [2.625, 1.875, 3, 2.375], "rotation": 180, "texture": "#0", "tintindex": 0},
				"east": {"uv": [3.125, 2.375, 2.625, 2.625], "rotation": 270, "texture": "#0", "tintindex": 0},
				"south": {"uv": [2.25, 2.375, 2.625, 1.875], "texture": "#0", "tintindex": 0},
				"west": {"uv": [2.25, 2.375, 1.75, 2.625], "rotation": 90, "texture": "#0", "tintindex": 0},
				"up": {"uv": [2.625, 2.375, 2.25, 2.625], "rotation": 180, "texture": "#0", "tintindex": 0},
				"down": {"uv": [3.5, 2.375, 3.125, 2.625], "texture": "#0", "tintindex": 0}
			}
		}
	],
	"display": {
		"head": {
			"rotation": [-22.5, 0, 0],
			"translation": [0, -18.5, -12],
			"scale": [1.6, 1.6, 1.6]
		}
	},
	"groups": [
		{
			"name": "Entire",
			"origin": [0, 4, 0],
			"color": 0,
			"children": [
				{
					"name": "Body",
					"origin": [0, 4, 0],
					"color": 0,
					"children": [0, 1, 2, 3, 4, 5]
				},
				{
					"name": "Head",
					"origin": [-0.00294, 20.625, -5.25],
					"color": 0,
					"children": [6, 7, 8, 9, 10, 11]
				},
				{
					"name": "Limbs",
					"origin": [0, 4, 0],
					"color": 0,
					"children": [12, 13, 14, 15, 16, 17, 18, 19, 20, 21]
				}
			]
		}
	]
}
