{
	"textures": {
		"0": "dnd:entity/fossil/imprint",
		"particle": "dnd:entity/fossil/imprint"
	},
	"elements": [
		{
			"from": [3, 0, 3],
			"to": [13, 4, 13],
			"faces": {
				"north": {"uv": [0, 12, 10, 16], "texture": "#0"},
				"east": {"uv": [0, 12, 10, 16], "texture": "#0"},
				"south": {"uv": [0, 12, 10, 16], "texture": "#0"},
				"west": {"uv": [0, 12, 10, 16], "texture": "#0"},
				"up": {"uv": [0, 0, 10, 10], "texture": "#0"},
				"down": {"uv": [0, 0, 10, 10], "texture": "#0"}
			}
		}
	],
	"display": {
		"head": {
			"translation": [0, -32, 0],
			"scale": [1.601, 1.601, 1.601]
		}
	}
}
