{
	"texture_size": [96, 96],
	"textures": {
		"0": "dnd:entity/fossil/pachycephalosaurus"
	},
	"elements": [
		{
			"from": [5.5, 5.21692, -5.77566],
			"to": [10.5, 11.21692, 1.22434],
			"rotation": {"angle": -22.5, "axis": "x", "origin": [8, -5.62159, -8.82595]},
			"faces": {
				"north": {"uv": [1.16667, 3.66667, 2, 4.66667], "texture": "#0"},
				"east": {"uv": [0, 3.66667, 1.16667, 4.66667], "texture": "#0"},
				"south": {"uv": [3.16667, 3.66667, 4, 4.66667], "texture": "#0"},
				"west": {"uv": [2, 3.66667, 3.16667, 4.66667], "texture": "#0"},
				"up": {"uv": [2, 3.66667, 1.16667, 2.5], "texture": "#0"},
				"down": {"uv": [2.83333, 2.5, 2, 3.66667], "texture": "#0"}
			}
		},
		{
			"from": [5.5, 11.21692, -5.77566],
			"to": [10.5, 5.21692, 1.22434],
			"rotation": {"angle": -22.5, "axis": "x", "origin": [8, -5.62159, -8.82595]},
			"faces": {
				"north": {"uv": [1.16667, 3.66667, 2, 4.66667], "texture": "#0"},
				"east": {"uv": [0, 3.66667, 1.16667, 4.66667], "texture": "#0"},
				"south": {"uv": [3.16667, 3.66667, 4, 4.66667], "texture": "#0"},
				"west": {"uv": [2, 3.66667, 3.16667, 4.66667], "texture": "#0"},
				"up": {"uv": [2.83333, 3.66667, 2, 2.5], "texture": "#0"},
				"down": {"uv": [2, 2.5, 1.16667, 3.66667], "texture": "#0"}
			}
		},
		{
			"from": [4.98, 11.19693, -6.78566],
			"to": [11.02, 17.23693, -0.74566],
			"rotation": {"angle": -22.5, "axis": "x", "origin": [8, -5.62159, -8.82595]},
			"faces": {
				"north": {"uv": [4, 2.5, 5, 3.5], "texture": "#0"},
				"east": {"uv": [3, 2.5, 4, 3.5], "texture": "#0"},
				"south": {"uv": [6, 2.5, 7, 3.5], "texture": "#0"},
				"west": {"uv": [5, 2.5, 6, 3.5], "texture": "#0"},
				"up": {"uv": [5, 2.5, 4, 1.5], "texture": "#0"},
				"down": {"uv": [6, 1.5, 5, 2.5], "texture": "#0"}
			}
		},
		{
			"from": [6.5, 12.21693, -9.77566],
			"to": [9.5, 16.21693, -6.77566],
			"rotation": {"angle": -22.5, "axis": "x", "origin": [8, -5.62159, -8.82595]},
			"faces": {
				"north": {"uv": [3.33333, 0.5, 3.83333, 1.16667], "texture": "#0"},
				"east": {"uv": [2.83333, 0.5, 3.33333, 1.16667], "texture": "#0"},
				"south": {"uv": [4.33333, 0.5, 4.83333, 1.16667], "texture": "#0"},
				"west": {"uv": [3.83333, 0.5, 4.33333, 1.16667], "texture": "#0"},
				"up": {"uv": [3.83333, 0.5, 3.33333, 0], "texture": "#0"},
				"down": {"uv": [4.33333, 0, 3.83333, 0.5], "texture": "#0"}
			}
		},
		{
			"from": [4.49, 16.20692, -0.78566],
			"to": [6.51, 18.22692, 1.23434],
			"shade": false,
			"rotation": {"angle": -22.5, "axis": "x", "origin": [8, -5.62159, -8.82595]},
			"faces": {
				"north": {"uv": [0.66667, 5, 0.33333, 5.33333], "texture": "#0"},
				"east": {"uv": [1, 5, 0.66667, 5.33333], "texture": "#0"},
				"south": {"uv": [1.33333, 5, 1, 5.33333], "texture": "#0"},
				"west": {"uv": [0.33333, 5, 0, 5.33333], "texture": "#0"},
				"up": {"uv": [0.33333, 5, 0.66667, 4.66667], "texture": "#0"},
				"down": {"uv": [0.66667, 4.66667, 1, 5], "texture": "#0"}
			}
		},
		{
			"from": [5.5, 11.21692, -6.77566],
			"to": [10.5, 19.21692, 0.22434],
			"rotation": {"angle": -22.5, "axis": "x", "origin": [8, -5.62159, -8.82595]},
			"faces": {
				"north": {"uv": [1.16667, 1.16667, 2, 2.5], "texture": "#0"},
				"east": {"uv": [0, 1.16667, 1.16667, 2.5], "texture": "#0"},
				"south": {"uv": [3.16667, 1.16667, 4, 2.5], "texture": "#0"},
				"west": {"uv": [2, 1.16667, 3.16667, 2.5], "texture": "#0"},
				"up": {"uv": [2, 1.16667, 1.16667, 0], "texture": "#0"},
				"down": {"uv": [2.83333, 0, 2, 1.16667], "texture": "#0"}
			}
		},
		{
			"from": [9.49, 16.20692, -0.78566],
			"to": [11.51, 18.22692, 1.23434],
			"rotation": {"angle": -22.5, "axis": "x", "origin": [8, -5.62159, -8.82595]},
			"faces": {
				"north": {"uv": [0.33333, 5, 0.66667, 5.33333], "texture": "#0"},
				"east": {"uv": [0, 5, 0.33333, 5.33333], "texture": "#0"},
				"south": {"uv": [1, 5, 1.33333, 5.33333], "texture": "#0"},
				"west": {"uv": [0.66667, 5, 1, 5.33333], "texture": "#0"},
				"up": {"uv": [0.66667, 5, 0.33333, 4.66667], "texture": "#0"},
				"down": {"uv": [1, 4.66667, 0.66667, 5], "texture": "#0"}
			}
		},
		{
			"from": [3.5, 3.28571, -8],
			"to": [12.5, 14.28571, 14.1],
			"rotation": {"angle": 22.5, "axis": "x", "origin": [8, 8, -3.35643]},
			"faces": {
				"north": {"uv": [3.66667, 12, 5.16667, 13.83333], "texture": "#0"},
				"east": {"uv": [0, 12, 3.66667, 13.83333], "texture": "#0"},
				"south": {"uv": [8.83333, 12, 10.33333, 13.83333], "texture": "#0"},
				"west": {"uv": [5.16667, 12, 8.83333, 13.83333], "texture": "#0"},
				"up": {"uv": [5.16667, 12, 3.66667, 8.33333], "texture": "#0"},
				"down": {"uv": [6.66667, 8.33333, 5.16667, 12], "texture": "#0"}
			}
		},
		{
			"from": [5.5, 0.48301, -12.15516],
			"to": [10.5, 7.48301, 30.94484],
			"rotation": {"angle": 22.5, "axis": "x", "origin": [6, -60.39815, -4.41159]},
			"faces": {
				"north": {"uv": [7.16667, 7.16667, 8, 8.33333], "texture": "#0"},
				"east": {"uv": [0, 7.16667, 7.16667, 8.33333], "texture": "#0"},
				"south": {"uv": [15.16667, 7.16667, 16, 8.33333], "texture": "#0"},
				"west": {"uv": [8, 7.16667, 15.16667, 8.33333], "texture": "#0"},
				"up": {"uv": [8, 7.16667, 7.16667, 0], "texture": "#0"},
				"down": {"uv": [8.83333, 0, 8, 7.16667], "texture": "#0"}
			}
		},
		{
			"from": [3.5, 14.28571, -8],
			"to": [12.5, 3.28571, 14.1],
			"rotation": {"angle": 22.5, "axis": "x", "origin": [8, 8, -3.35643]},
			"faces": {
				"north": {"uv": [3.66667, 12, 5.16667, 13.83333], "rotation": 180, "texture": "#0"},
				"east": {"uv": [5.16667, 12, 8.83334, 13.83333], "rotation": 180, "texture": "#0"},
				"south": {"uv": [8.83333, 12, 10.33333, 13.83333], "rotation": 180, "texture": "#0"},
				"west": {"uv": [0, 12, 3.66666, 13.83333], "rotation": 180, "texture": "#0"},
				"up": {"uv": [6.66667, 12, 5.16667, 8.33333], "texture": "#0"},
				"down": {"uv": [5.16667, 8.33333, 3.66667, 12], "texture": "#0"}
			}
		},
		{
			"from": [5.5, 7.48301, -12.15516],
			"to": [10.5, 0.48301, 30.94484],
			"rotation": {"angle": 22.5, "axis": "x", "origin": [6, -60.39815, -4.41159]},
			"faces": {
				"north": {"uv": [7.16667, 7.16667, 8, 8.33333], "rotation": 180, "texture": "#0"},
				"east": {"uv": [0, 7.16667, 7.16667, 8.33333], "rotation": 180, "texture": "#0"},
				"south": {"uv": [15.16667, 7.16667, 16, 8.33333], "rotation": 180, "texture": "#0"},
				"west": {"uv": [8, 7.16667, 15.16667, 8.33333], "rotation": 180, "texture": "#0"},
				"up": {"uv": [8.83333, 7.16667, 8, 0], "texture": "#0"},
				"down": {"uv": [8, 0, 7.16667, 7.16667], "texture": "#0"}
			}
		},
		{
			"from": [2.5, -3.71429, 4],
			"to": [6.5, 8.28571, 8],
			"shade": false,
			"rotation": {"angle": 22.5, "axis": "x", "origin": [8, 8, -3.35643]},
			"faces": {
				"north": {"uv": [5.33333, 4.16667, 4.66667, 6.16667], "texture": "#0"},
				"east": {"uv": [6, 4.16667, 5.33333, 6.16667], "texture": "#0"},
				"south": {"uv": [6.66667, 4.16667, 6, 6.16667], "texture": "#0"},
				"west": {"uv": [4.66667, 4.16667, 4, 6.16667], "texture": "#0"},
				"up": {"uv": [4.66667, 4.16667, 5.33333, 3.5], "texture": "#0"},
				"down": {"uv": [5.33333, 3.5, 6, 4.16667], "texture": "#0"}
			}
		},
		{
			"from": [2.5, -3.71429, 3],
			"to": [6.5, -2.71429, 4],
			"shade": false,
			"rotation": {"angle": 22.5, "axis": "x", "origin": [8, 8, -3.35643]},
			"faces": {
				"north": {"uv": [5.16667, 0.16667, 4.5, 0.33333], "texture": "#0"},
				"east": {"uv": [5.33333, 0.16667, 5.16667, 0.33333], "texture": "#0"},
				"south": {"uv": [6, 0.16667, 5.33333, 0.33333], "texture": "#0"},
				"west": {"uv": [4.5, 0.16667, 4.33333, 0.33333], "texture": "#0"},
				"up": {"uv": [4.5, 0.16667, 5.16667, 0], "texture": "#0"},
				"down": {"uv": [5.16667, 0, 5.83333, 0.16667], "texture": "#0"}
			}
		},
		{
			"from": [9.5, -3.71429, 4],
			"to": [13.5, 8.28571, 8],
			"rotation": {"angle": 22.5, "axis": "x", "origin": [8, 8, -3.35643]},
			"faces": {
				"north": {"uv": [4.66667, 4.16667, 5.33333, 6.16667], "texture": "#0"},
				"east": {"uv": [4, 4.16667, 4.66667, 6.16667], "texture": "#0"},
				"south": {"uv": [6, 4.16667, 6.66667, 6.16667], "texture": "#0"},
				"west": {"uv": [5.33333, 4.16667, 6, 6.16667], "texture": "#0"},
				"up": {"uv": [5.33333, 4.16667, 4.66667, 3.5], "texture": "#0"},
				"down": {"uv": [6, 3.5, 5.33333, 4.16667], "texture": "#0"}
			}
		},
		{
			"from": [9.5, -3.71429, 3],
			"to": [13.5, -2.71429, 4],
			"rotation": {"angle": 22.5, "axis": "x", "origin": [8, 8, -3.35643]},
			"faces": {
				"north": {"uv": [4.5, 0.16667, 5.16667, 0.33333], "texture": "#0"},
				"east": {"uv": [4.33333, 0.16667, 4.5, 0.33333], "texture": "#0"},
				"south": {"uv": [5.33333, 0.16667, 6, 0.33333], "texture": "#0"},
				"west": {"uv": [5.16667, 0.16667, 5.33333, 0.33333], "texture": "#0"},
				"up": {"uv": [5.16667, 0.16667, 4.5, 0], "texture": "#0"},
				"down": {"uv": [5.83333, 0, 5.16667, 0.16667], "texture": "#0"}
			}
		},
		{
			"from": [3, 0.13771, -7.003],
			"to": [5, 5.13771, -5.003],
			"shade": false,
			"rotation": {"angle": -22.5, "axis": "x", "origin": [8, 2.88771, -7.253]},
			"faces": {
				"north": {"uv": [2.33333, 5, 2, 5.83333], "texture": "#0"},
				"east": {"uv": [2.66667, 5, 2.33333, 5.83333], "texture": "#0"},
				"south": {"uv": [3, 5, 2.66667, 5.83333], "texture": "#0"},
				"west": {"uv": [2, 5, 1.66667, 5.83333], "texture": "#0"},
				"up": {"uv": [2, 5, 2.33333, 4.66667], "texture": "#0"},
				"down": {"uv": [2.33333, 4.66667, 2.66667, 5], "texture": "#0"}
			}
		},
		{
			"from": [11, 0.13771, -7.003],
			"to": [13, 5.13771, -5.003],
			"rotation": {"angle": -22.5, "axis": "x", "origin": [8, 2.88771, -7.253]},
			"faces": {
				"north": {"uv": [2, 5, 2.33333, 5.83333], "texture": "#0"},
				"east": {"uv": [1.66667, 5, 2, 5.83333], "texture": "#0"},
				"south": {"uv": [2.66667, 5, 3, 5.83333], "texture": "#0"},
				"west": {"uv": [2.33333, 5, 2.66667, 5.83333], "texture": "#0"},
				"up": {"uv": [2.33333, 5, 2, 4.66667], "texture": "#0"},
				"down": {"uv": [2.66667, 4.66667, 2.33333, 5], "texture": "#0"}
			}
		}
	],
	"display": {
		"head": {
			"rotation": [-22.5, 0, 0],
			"translation": [0, -18.35, 0],
			"scale": [1.65, 1.65, 1.65]
		}
	},
	"groups": [
		{
			"name": "Entire",
			"origin": [0, 0, 0],
			"color": 0,
			"children": [
				{
					"name": "Head",
					"origin": [0, 0, -2],
					"color": 0,
					"children": [0, 1, 2, 3, 4, 5, 6]
				},
				{
					"name": "Body",
					"origin": [0, 0, -2],
					"color": 0,
					"children": [7, 8, 9, 10]
				},
				{
					"name": "Limbs",
					"origin": [0, 0, -2],
					"color": 0,
					"children": [11, 12, 13, 14, 15, 16]
				}
			]
		}
	]
}
