{
	"parent": "block/spawner",
	"textures": {
		"layer0": "block/spawner"
	},
	"overrides": [
		{
			"predicate": {
				"custom_model_data": 400001
			},
			"model": "dnd:block/amber_block"
		},
		{
			"predicate": {
				"custom_model_data": 400002
			},
			"model": "dnd:block/budding_amber"
		},
		{
			"predicate": {
				"custom_model_data": 400003
			},
			"model": "dnd:block/amber_tiles"
		},
		{
			"predicate": {
				"custom_model_data": 400004
			},
			"model": "dnd:block/petrified_log/up_down"
		},
		{
			"predicate": {
				"custom_model_data": 400005
			},
			"model": "dnd:block/petrified_log/north_south"
		},
		{
			"predicate": {
				"custom_model_data": 400006
			},
			"model": "dnd:block/petrified_log/east_west"
		},
		{
			"predicate": {
				"custom_model_data": 400007
			},
			"model": "dnd:block/petrified_wood/up_down"
		},
		{
			"predicate": {
				"custom_model_data": 400008
			},
			"model": "dnd:block/petrified_wood/north_south"
		},
		{
			"predicate": {
				"custom_model_data": 400009
			},
			"model": "dnd:block/petrified_wood/east_west"
		},
		{
			"predicate": {
				"custom_model_data": 400010
			},
			"model": "dnd:block/chiseled_petrified_log/up_down"
		},
		{
			"predicate": {
				"custom_model_data": 400011
			},
			"model": "dnd:block/chiseled_petrified_log/north_south"
		},
		{
			"predicate": {
				"custom_model_data": 400012
			},
			"model": "dnd:block/chiseled_petrified_log/east_west"
		},
		{
			"predicate": {
				"custom_model_data": 400013
			},
			"model": "dnd:block/chiseled_petrified_wood/up_down"
		},
		{
			"predicate": {
				"custom_model_data": 400014
			},
			"model": "dnd:block/chiseled_petrified_wood/north_south"
		},
		{
			"predicate": {
				"custom_model_data": 400015
			},
			"model": "dnd:block/chiseled_petrified_wood/east_west"
		},
		{
			"predicate": {
				"custom_model_data": 400016
			},
			"model": "dnd:block/polished_amber"
		}
	]
}
