{
    "textures": {
        "0": "dnd:entity/ambermancer/amber_dragonfly_walking"
    },
    "elements": [
        {
            "from": [ 5.5, 0, 0 ],
            "to":   [ 10.5, 5, 8 ],
            "rotation": { "angle": 0, "axis": "y", "origin": [13.5, 8, 8] },
            "faces": {
                "north": { "uv": [ 1, 2, 1.625, 2.625 ], "texture": "#0", "tintindex": 0 },
                "east":  { "uv": [ 0, 2, 1, 2.625 ], "texture": "#0", "tintindex": 0 },
                "south": { "uv": [ 2.625, 2, 3.25, 2.625 ], "texture": "#0", "tintindex": 0 },
                "west":  { "uv": [ 1.625, 2, 2.625, 2.625 ], "texture": "#0", "tintindex": 0 },
                "up":    { "uv": [ 1.625, 2, 1, 1 ], "texture": "#0", "tintindex": 0 },
                "down":  { "uv": [ 2.25, 1, 1.625, 2 ], "texture": "#0", "tintindex": 0 }
            }
        },
        {
            "from": [ 5.5, -1, 5 ],
            "to":   [ 10.5, 0, 5 ],
            "rotation": { "angle": -22.5, "axis": "x", "origin": [8, 0, 5] },
            "faces": {
                "north": { "uv": [ 0, 2.875, 0.625, 3 ], "texture": "#0", "tintindex": 0 },
                "east":  { "uv": [ 0, 2.875, 0, 3 ], "texture": "#0", "tintindex": 0 },
                "south": { "uv": [ 0.625, 2.875, 1.25, 3 ], "texture": "#0", "tintindex": 0 },
                "west":  { "uv": [ 0.625, 2.875, 0.625, 3 ], "texture": "#0", "tintindex": 0 },
                "up":    { "uv": [ 0.625, 2.875, 0, 2.875 ], "texture": "#0", "tintindex": 0 },
                "down":  { "uv": [ 1.25, 2.875, 0.625, 2.875 ], "texture": "#0", "tintindex": 0 }
            }
        },
        {
            "from": [ 5.5, -1, 8 ],
            "to":   [ 10.5, 0, 8 ],
            "rotation": { "angle": -22.5, "axis": "x", "origin": [8, 0, 8] },
            "faces": {
                "north": { "uv": [ 0, 2.75, 0.625, 2.875 ], "texture": "#0", "tintindex": 0 },
                "east":  { "uv": [ 0, 2.75, 0, 2.875 ], "texture": "#0", "tintindex": 0 },
                "south": { "uv": [ 0.625, 2.75, 1.25, 2.875 ], "texture": "#0", "tintindex": 0 },
                "west":  { "uv": [ 0.625, 2.75, 0.625, 2.875 ], "texture": "#0", "tintindex": 0 },
                "up":    { "uv": [ 0.625, 2.75, 0, 2.75 ], "texture": "#0", "tintindex": 0 },
                "down":  { "uv": [ 1.25, 2.75, 0.625, 2.75 ], "texture": "#0", "tintindex": 0 }
            }
        },
        {
            "from": [ 5.5, -1, 2 ],
            "to":   [ 10.5, 0, 2 ],
            "rotation": { "angle": -22.5, "axis": "x", "origin": [8, 0, 2] },
            "faces": {
                "north": { "uv": [ 0, 2.625, 0.625, 2.75 ], "texture": "#0", "tintindex": 0 },
                "east":  { "uv": [ 0, 2.625, 0, 2.75 ], "texture": "#0", "tintindex": 0 },
                "south": { "uv": [ 0.625, 2.625, 1.25, 2.75 ], "texture": "#0", "tintindex": 0 },
                "west":  { "uv": [ 0.625, 2.625, 0.625, 2.75 ], "texture": "#0", "tintindex": 0 },
                "up":    { "uv": [ 0.625, 2.625, 0, 2.625 ], "texture": "#0", "tintindex": 0 },
                "down":  { "uv": [ 1.25, 2.625, 0.625, 2.625 ], "texture": "#0", "tintindex": 0 }
            }
        },
        {
            "from": [ 9.5, 5, 1 ],
            "to":   [ 17.5, 5.01, 9 ],
            "rotation": { "angle": 45, "axis": "z", "origin": [9.5, 5.005, 5] },
            "faces": {
                "north": { "uv": [ 5, 1, 6, 1 ], "texture": "#0", "tintindex": 0 },
                "east":  { "uv": [ 4, 1, 5, 1 ], "texture": "#0", "tintindex": 0 },
                "south": { "uv": [ 7, 1, 8, 1 ], "texture": "#0", "tintindex": 0 },
                "west":  { "uv": [ 6, 1, 7, 1 ], "texture": "#0", "tintindex": 0 },
                "up":    { "uv": [ 6, 1, 5, 0 ], "texture": "#0", "tintindex": 0 },
                "down":  { "uv": [ 7, 0, 6, 1 ], "texture": "#0", "tintindex": 0 }
            }
        },
        {
            "from": [ -1.5, 5, 1 ],
            "to":   [ 6.5, 5.01, 9 ],
            "rotation": { "angle": -45, "axis": "z", "origin": [6.5, 5.005, 5] },
            "faces": {
                "north": { "uv": [ 1, 1, 2, 1 ], "texture": "#0", "tintindex": 0 },
                "east":  { "uv": [ 0, 1, 1, 1 ], "texture": "#0", "tintindex": 0 },
                "south": { "uv": [ 3, 1, 4, 1 ], "texture": "#0", "tintindex": 0 },
                "west":  { "uv": [ 2, 1, 3, 1 ], "texture": "#0", "tintindex": 0 },
                "up":    { "uv": [ 2, 1, 1, 0 ], "texture": "#0", "tintindex": 0 },
                "down":  { "uv": [ 3, 0, 2, 1 ], "texture": "#0", "tintindex": 0 }
            }
        },
        {
            "from": [ 7.5, 0, -1 ],
            "to":   [ 8.5, 4, 0 ],
            "rotation": { "angle": 0, "axis": "y", "origin": [13.5, 8, 8] },
            "faces": {
                "north": { "uv": [ 1.375, 2.75, 1.5, 3.25 ], "texture": "#0", "tintindex": 0 },
                "east":  { "uv": [ 1.25, 2.75, 1.375, 3.25 ], "texture": "#0", "tintindex": 0 },
                "south": { "uv": [ 1.625, 2.75, 1.75, 3.25 ], "texture": "#0", "tintindex": 0 },
                "west":  { "uv": [ 1.5, 2.75, 1.625, 3.25 ], "texture": "#0", "tintindex": 0 },
                "up":    { "uv": [ 1.5, 2.75, 1.375, 2.625 ], "texture": "#0", "tintindex": 0 },
                "down":  { "uv": [ 1.625, 2.625, 1.5, 2.75 ], "texture": "#0", "tintindex": 0 }
            }
        },
        {
            "from": [ 6.5, 1, 8 ],
            "to":   [ 9.5, 4, 16 ],
            "rotation": { "angle": 0, "axis": "y", "origin": [13.5, 8, 8] },
            "faces": {
                "north": { "uv": [ 4.25, 2, 4.625, 2.375 ], "texture": "#0", "tintindex": 0 },
                "east":  { "uv": [ 3.25, 2, 4.25, 2.375 ], "texture": "#0", "tintindex": 0 },
                "south": { "uv": [ 5.625, 2, 6, 2.375 ], "texture": "#0", "tintindex": 0 },
                "west":  { "uv": [ 4.625, 2, 5.625, 2.375 ], "texture": "#0", "tintindex": 0 },
                "up":    { "uv": [ 4.625, 2, 4.25, 1 ], "texture": "#0", "tintindex": 0 },
                "down":  { "uv": [ 5, 1, 4.625, 2 ], "texture": "#0", "tintindex": 0 }
            }
        },
        {
            "from": [ 5.5, 0, 0 ],
            "to":   [ 10.5, 5, 8 ],
            "rotation": { "angle": 0, "axis": "y", "origin": [13.5, 8, 8] },
            "faces": {
                "north": { "uv": [ 9, 2, 9.625, 2.625 ], "texture": "#0", "tintindex": 0 },
                "east":  { "uv": [ 8, 2, 9, 2.625 ], "texture": "#0", "tintindex": 0 },
                "south": { "uv": [ 10.625, 2, 11.25, 2.625 ], "texture": "#0", "tintindex": 0 },
                "west":  { "uv": [ 9.625, 2, 10.625, 2.625 ], "texture": "#0", "tintindex": 0 },
                "up":    { "uv": [ 9.625, 2, 9, 1 ], "texture": "#0", "tintindex": 0 },
                "down":  { "uv": [ 10.25, 1, 9.625, 2 ], "texture": "#0", "tintindex": 0 }
            }
        },
        {
            "from": [ 5.5, -1, 5 ],
            "to":   [ 10.5, 0, 5 ],
            "rotation": { "angle": -22.5, "axis": "x", "origin": [8, 0, 5] },
            "faces": {
                "north": { "uv": [ 8, 2.875, 8.625, 3 ], "texture": "#0", "tintindex": 0 },
                "east":  { "uv": [ 8, 2.875, 8, 3 ], "texture": "#0", "tintindex": 0 },
                "south": { "uv": [ 8.625, 2.875, 9.25, 3 ], "texture": "#0", "tintindex": 0 },
                "west":  { "uv": [ 8.625, 2.875, 8.625, 3 ], "texture": "#0", "tintindex": 0 },
                "up":    { "uv": [ 8.625, 2.875, 8, 2.875 ], "texture": "#0", "tintindex": 0 },
                "down":  { "uv": [ 9.25, 2.875, 8.625, 2.875 ], "texture": "#0", "tintindex": 0 }
            }
        },
        {
            "from": [ 5.5, -1, 8 ],
            "to":   [ 10.5, 0, 8 ],
            "rotation": { "angle": -22.5, "axis": "x", "origin": [8, 0, 8] },
            "faces": {
                "north": { "uv": [ 8, 2.75, 8.625, 2.875 ], "texture": "#0", "tintindex": 0 },
                "east":  { "uv": [ 8, 2.75, 8, 2.875 ], "texture": "#0", "tintindex": 0 },
                "south": { "uv": [ 8.625, 2.75, 9.25, 2.875 ], "texture": "#0", "tintindex": 0 },
                "west":  { "uv": [ 8.625, 2.75, 8.625, 2.875 ], "texture": "#0", "tintindex": 0 },
                "up":    { "uv": [ 8.625, 2.75, 8, 2.75 ], "texture": "#0", "tintindex": 0 },
                "down":  { "uv": [ 9.25, 2.75, 8.625, 2.75 ], "texture": "#0", "tintindex": 0 }
            }
        },
        {
            "from": [ 5.5, -1, 2 ],
            "to":   [ 10.5, 0, 2 ],
            "rotation": { "angle": -22.5, "axis": "x", "origin": [8, 0, 2] },
            "faces": {
                "north": { "uv": [ 8, 2.625, 8.625, 2.75 ], "texture": "#0", "tintindex": 0 },
                "east":  { "uv": [ 8, 2.625, 8, 2.75 ], "texture": "#0", "tintindex": 0 },
                "south": { "uv": [ 8.625, 2.625, 9.25, 2.75 ], "texture": "#0", "tintindex": 0 },
                "west":  { "uv": [ 8.625, 2.625, 8.625, 2.75 ], "texture": "#0", "tintindex": 0 },
                "up":    { "uv": [ 8.625, 2.625, 8, 2.625 ], "texture": "#0", "tintindex": 0 },
                "down":  { "uv": [ 9.25, 2.625, 8.625, 2.625 ], "texture": "#0", "tintindex": 0 }
            }
        },
        {
            "from": [ 9.5, 5, 1 ],
            "to":   [ 17.5, 5.01, 9 ],
            "rotation": { "angle": 0, "axis": "z", "origin": [9.5, 5.005, 5] },
            "faces": {
                "north": { "uv": [ 13, 1, 14, 1 ], "texture": "#0", "tintindex": 0 },
                "east":  { "uv": [ 12, 1, 13, 1 ], "texture": "#0", "tintindex": 0 },
                "south": { "uv": [ 15, 1, 16, 1 ], "texture": "#0", "tintindex": 0 },
                "west":  { "uv": [ 14, 1, 15, 1 ], "texture": "#0", "tintindex": 0 },
                "up":    { "uv": [ 14, 1, 13, 0 ], "texture": "#0", "tintindex": 0 },
                "down":  { "uv": [ 15, 0, 14, 1 ], "texture": "#0", "tintindex": 0 }
            }
        },
        {
            "from": [ -1.5, 5, 1 ],
            "to":   [ 6.5, 5.01, 9 ],
            "rotation": { "angle": 0, "axis": "z", "origin": [6.5, 5.005, 5] },
            "faces": {
                "north": { "uv": [ 9, 1, 10, 1 ], "texture": "#0", "tintindex": 0 },
                "east":  { "uv": [ 8, 1, 9, 1 ], "texture": "#0", "tintindex": 0 },
                "south": { "uv": [ 11, 1, 12, 1 ], "texture": "#0", "tintindex": 0 },
                "west":  { "uv": [ 10, 1, 11, 1 ], "texture": "#0", "tintindex": 0 },
                "up":    { "uv": [ 10, 1, 9, 0 ], "texture": "#0", "tintindex": 0 },
                "down":  { "uv": [ 11, 0, 10, 1 ], "texture": "#0", "tintindex": 0 }
            }
        },
        {
            "from": [ 7.5, 0, -1 ],
            "to":   [ 8.5, 4, 0 ],
            "rotation": { "angle": 0, "axis": "y", "origin": [13.5, 8, 8] },
            "faces": {
                "north": { "uv": [ 9.375, 2.75, 9.5, 3.25 ], "texture": "#0", "tintindex": 0 },
                "east":  { "uv": [ 9.25, 2.75, 9.375, 3.25 ], "texture": "#0", "tintindex": 0 },
                "south": { "uv": [ 9.625, 2.75, 9.75, 3.25 ], "texture": "#0", "tintindex": 0 },
                "west":  { "uv": [ 9.5, 2.75, 9.625, 3.25 ], "texture": "#0", "tintindex": 0 },
                "up":    { "uv": [ 9.5, 2.75, 9.375, 2.625 ], "texture": "#0", "tintindex": 0 },
                "down":  { "uv": [ 9.625, 2.625, 9.5, 2.75 ], "texture": "#0", "tintindex": 0 }
            }
        },
        {
            "from": [ 6.5, 1, 8 ],
            "to":   [ 9.5, 4, 16 ],
            "rotation": { "angle": 0, "axis": "y", "origin": [13.5, 8, 8] },
            "faces": {
                "north": { "uv": [ 12.25, 2, 12.625, 2.375 ], "texture": "#0", "tintindex": 0 },
                "east":  { "uv": [ 11.25, 2, 12.25, 2.375 ], "texture": "#0", "tintindex": 0 },
                "south": { "uv": [ 13.625, 2, 14, 2.375 ], "texture": "#0", "tintindex": 0 },
                "west":  { "uv": [ 12.625, 2, 13.625, 2.375 ], "texture": "#0", "tintindex": 0 },
                "up":    { "uv": [ 12.625, 2, 12.25, 1 ], "texture": "#0", "tintindex": 0 },
                "down":  { "uv": [ 13, 1, 12.625, 2 ], "texture": "#0", "tintindex": 0 }
            }
        },
        {
            "from": [ 5.5, 0, 0 ],
            "to":   [ 10.5, 5, 8 ],
            "rotation": { "angle": 0, "axis": "y", "origin": [13.5, 8, 8] },
            "faces": {
                "north": { "uv": [ 1, 10, 1.625, 10.625 ], "texture": "#0", "tintindex": 0 },
                "east":  { "uv": [ 0, 10, 1, 10.625 ], "texture": "#0", "tintindex": 0 },
                "south": { "uv": [ 2.625, 10, 3.25, 10.625 ], "texture": "#0", "tintindex": 0 },
                "west":  { "uv": [ 1.625, 10, 2.625, 10.625 ], "texture": "#0", "tintindex": 0 },
                "up":    { "uv": [ 1.625, 10, 1, 9 ], "texture": "#0", "tintindex": 0 },
                "down":  { "uv": [ 2.25, 9, 1.625, 10 ], "texture": "#0", "tintindex": 0 }
            }
        },
        {
            "from": [ 5.5, -1, 5 ],
            "to":   [ 10.5, 0, 5 ],
            "rotation": { "angle": -22.5, "axis": "x", "origin": [8, 0, 5] },
            "faces": {
                "north": { "uv": [ 0, 10.875, 0.625, 11 ], "texture": "#0", "tintindex": 0 },
                "east":  { "uv": [ 0, 10.875, 0, 11 ], "texture": "#0", "tintindex": 0 },
                "south": { "uv": [ 0.625, 10.875, 1.25, 11 ], "texture": "#0", "tintindex": 0 },
                "west":  { "uv": [ 0.625, 10.875, 0.625, 11 ], "texture": "#0", "tintindex": 0 },
                "up":    { "uv": [ 0.625, 10.875, 0, 10.875 ], "texture": "#0", "tintindex": 0 },
                "down":  { "uv": [ 1.25, 10.875, 0.625, 10.875 ], "texture": "#0", "tintindex": 0 }
            }
        },
        {
            "from": [ 5.5, -1, 8 ],
            "to":   [ 10.5, 0, 8 ],
            "rotation": { "angle": -22.5, "axis": "x", "origin": [8, 0, 8] },
            "faces": {
                "north": { "uv": [ 0, 10.75, 0.625, 10.875 ], "texture": "#0", "tintindex": 0 },
                "east":  { "uv": [ 0, 10.75, 0, 10.875 ], "texture": "#0", "tintindex": 0 },
                "south": { "uv": [ 0.625, 10.75, 1.25, 10.875 ], "texture": "#0", "tintindex": 0 },
                "west":  { "uv": [ 0.625, 10.75, 0.625, 10.875 ], "texture": "#0", "tintindex": 0 },
                "up":    { "uv": [ 0.625, 10.75, 0, 10.75 ], "texture": "#0", "tintindex": 0 },
                "down":  { "uv": [ 1.25, 10.75, 0.625, 10.75 ], "texture": "#0", "tintindex": 0 }
            }
        },
        {
            "from": [ 5.5, -1, 2 ],
            "to":   [ 10.5, 0, 2 ],
            "rotation": { "angle": -22.5, "axis": "x", "origin": [8, 0, 2] },
            "faces": {
                "north": { "uv": [ 0, 10.625, 0.625, 10.75 ], "texture": "#0", "tintindex": 0 },
                "east":  { "uv": [ 0, 10.625, 0, 10.75 ], "texture": "#0", "tintindex": 0 },
                "south": { "uv": [ 0.625, 10.625, 1.25, 10.75 ], "texture": "#0", "tintindex": 0 },
                "west":  { "uv": [ 0.625, 10.625, 0.625, 10.75 ], "texture": "#0", "tintindex": 0 },
                "up":    { "uv": [ 0.625, 10.625, 0, 10.625 ], "texture": "#0", "tintindex": 0 },
                "down":  { "uv": [ 1.25, 10.625, 0.625, 10.625 ], "texture": "#0", "tintindex": 0 }
            }
        },
        {
            "from": [ 9.5, 5, 1 ],
            "to":   [ 17.5, 5.01, 9 ],
            "rotation": { "angle": -45, "axis": "z", "origin": [9.5, 5.005, 5] },
            "faces": {
                "north": { "uv": [ 5, 9, 6, 9 ], "texture": "#0", "tintindex": 0 },
                "east":  { "uv": [ 4, 9, 5, 9 ], "texture": "#0", "tintindex": 0 },
                "south": { "uv": [ 7, 9, 8, 9 ], "texture": "#0", "tintindex": 0 },
                "west":  { "uv": [ 6, 9, 7, 9 ], "texture": "#0", "tintindex": 0 },
                "up":    { "uv": [ 6, 9, 5, 8 ], "texture": "#0", "tintindex": 0 },
                "down":  { "uv": [ 7, 8, 6, 9 ], "texture": "#0", "tintindex": 0 }
            }
        },
        {
            "from": [ -1.5, 5, 1 ],
            "to":   [ 6.5, 5.01, 9 ],
            "rotation": { "angle": 45, "axis": "z", "origin": [6.5, 5.005, 5] },
            "faces": {
                "north": { "uv": [ 1, 9, 2, 9 ], "texture": "#0", "tintindex": 0 },
                "east":  { "uv": [ 0, 9, 1, 9 ], "texture": "#0", "tintindex": 0 },
                "south": { "uv": [ 3, 9, 4, 9 ], "texture": "#0", "tintindex": 0 },
                "west":  { "uv": [ 2, 9, 3, 9 ], "texture": "#0", "tintindex": 0 },
                "up":    { "uv": [ 2, 9, 1, 8 ], "texture": "#0", "tintindex": 0 },
                "down":  { "uv": [ 3, 8, 2, 9 ], "texture": "#0", "tintindex": 0 }
            }
        },
        {
            "from": [ 7.5, 0, -1 ],
            "to":   [ 8.5, 4, 0 ],
            "rotation": { "angle": 0, "axis": "y", "origin": [13.5, 8, 8] },
            "faces": {
                "north": { "uv": [ 1.375, 10.75, 1.5, 11.25 ], "texture": "#0", "tintindex": 0 },
                "east":  { "uv": [ 1.25, 10.75, 1.375, 11.25 ], "texture": "#0", "tintindex": 0 },
                "south": { "uv": [ 1.625, 10.75, 1.75, 11.25 ], "texture": "#0", "tintindex": 0 },
                "west":  { "uv": [ 1.5, 10.75, 1.625, 11.25 ], "texture": "#0", "tintindex": 0 },
                "up":    { "uv": [ 1.5, 10.75, 1.375, 10.625 ], "texture": "#0", "tintindex": 0 },
                "down":  { "uv": [ 1.625, 10.625, 1.5, 10.75 ], "texture": "#0", "tintindex": 0 }
            }
        },
        {
            "from": [ 6.5, 1, 8 ],
            "to":   [ 9.5, 4, 16 ],
            "rotation": { "angle": 0, "axis": "y", "origin": [13.5, 8, 8] },
            "faces": {
                "north": { "uv": [ 4.25, 10, 4.625, 10.375 ], "texture": "#0", "tintindex": 0 },
                "east":  { "uv": [ 3.25, 10, 4.25, 10.375 ], "texture": "#0", "tintindex": 0 },
                "south": { "uv": [ 5.625, 10, 6, 10.375 ], "texture": "#0", "tintindex": 0 },
                "west":  { "uv": [ 4.625, 10, 5.625, 10.375 ], "texture": "#0", "tintindex": 0 },
                "up":    { "uv": [ 4.625, 10, 4.25, 9 ], "texture": "#0", "tintindex": 0 },
                "down":  { "uv": [ 5, 9, 4.625, 10 ], "texture": "#0", "tintindex": 0 }
            }
        }
    ],
    "display": {
        "thirdperson_righthand": {
            "rotation": [ 75, 45, 0 ],
            "translation": [ 0, 2.5, 0 ],
            "scale": [ 0.375, 0.375, 0.375 ]
        },
        "thirdperson_lefthand": {
            "rotation": [ 75, 45, 0 ],
            "translation": [ 0, 2.5, 0 ],
            "scale": [ 0.375, 0.375, 0.375 ]
        },
        "firstperson_righthand": {
            "rotation": [ 0, 45, 0 ],
            "scale": [ 0.4, 0.4, 0.4 ]
        },
        "firstperson_lefthand": {
            "rotation": [ 0, 225, 0 ],
            "scale": [ 0.4, 0.4, 0.4 ]
        },
        "ground": {
            "translation": [ 0, 3, 0 ],
            "scale": [ 0.25, 0.25, 0.25 ]
        },
        "gui": {
            "rotation": [ 30, 225, 0 ],
            "scale": [ 0.625, 0.625, 0.625 ]
        },
        "head": {
            "translation": [ 0, -29.25, 2.5 ],
            "scale": [ 1.65, 1.65, 1.65 ]
        },
        "fixed": {
            "rotation": [ -90, 0, 0 ],
            "translation": [ 0, 0, -26 ],
            "scale": [ 2, 2, 2 ]
        }
    },
    "groups": [
        {
            "name": "Entire",
            "origin": [
                8,
                8,
                8
            ],
            "children": [
                0,
                1,
                2,
                3,
                4,
                5,
                6,
                7
            ]
        }
    ],
    "__comment": "Model animated using Fizzy's model animator - http://fizzy81.github.io/animated-models/"
}
