{
	"textures": {
		"0": "dnd:entity/ambermancer/ambermancer_idle"
	},
	"elements": [
		{
			"name": "head",
			"from": [4, 0, 3],
			"to": [12, 10, 11],
			"rotation": {"angle": 0, "axis": "y", "origin": [8, -4.13503, 5.77407]},
			"faces": {
				"north": {"uv": [4.5, 1, 5.5, 2.25], "texture": "#0", "tintindex": 0},
				"east": {"uv": [3.5, 1, 4.5, 2.25], "texture": "#0", "tintindex": 0},
				"south": {"uv": [6.5, 1, 7.5, 2.25], "texture": "#0", "tintindex": 0},
				"west": {"uv": [5.5, 1, 6.5, 2.25], "texture": "#0", "tintindex": 0},
				"up": {"uv": [5.5, 1, 4.5, 0], "texture": "#0", "tintindex": 0},
				"down": {"uv": [6.5, 0, 5.5, 1], "texture": "#0", "tintindex": 0}
			}
		},
		{
			"name": "nose",
			"from": [7, -1, 1],
			"to": [9, 3, 3],
			"rotation": {"angle": 0, "axis": "y", "origin": [8, -6.13503, 5.77407]},
			"faces": {
				"north": {"uv": [4.25, 7.75, 4.5, 8.25], "texture": "#0", "tintindex": 0},
				"east": {"uv": [4, 7.75, 4.25, 8.25], "texture": "#0", "tintindex": 0},
				"south": {"uv": [4.75, 7.75, 5, 8.25], "texture": "#0", "tintindex": 0},
				"west": {"uv": [4.5, 7.75, 4.75, 8.25], "texture": "#0", "tintindex": 0},
				"up": {"uv": [4.5, 7.75, 4.25, 7.5], "texture": "#0", "tintindex": 0},
				"down": {"uv": [4.75, 7.5, 4.5, 7.75], "texture": "#0", "tintindex": 0}
			}
		},
		{
			"name": "beard",
			"from": [5, 1, 2],
			"to": [11, 2, 3],
			"rotation": {"angle": 0, "axis": "y", "origin": [8, -6.13503, 5.77407]},
			"faces": {
				"north": {"uv": [0.125, 9.125, 0.875, 9.25], "texture": "#0", "tintindex": 0},
				"east": {"uv": [0, 9.125, 0.125, 9.25], "texture": "#0", "tintindex": 0},
				"south": {"uv": [1, 9.125, 1.75, 9.25], "texture": "#0", "tintindex": 0},
				"west": {"uv": [0.875, 9.125, 1, 9.25], "texture": "#0", "tintindex": 0},
				"up": {"uv": [0.875, 9.125, 0.125, 9], "texture": "#0", "tintindex": 0},
				"down": {"uv": [1.625, 9, 0.875, 9.125], "texture": "#0", "tintindex": 0}
			}
		},
		{
			"name": "beard",
			"from": [10, 0, 2],
			"to": [11, 1, 3],
			"rotation": {"angle": 0, "axis": "y", "origin": [8, -6.13503, 5.77407]},
			"faces": {
				"north": {"uv": [0.125, 9.375, 0.25, 9.5], "texture": "#0", "tintindex": 0},
				"east": {"uv": [0, 9.375, 0.125, 9.5], "texture": "#0", "tintindex": 0},
				"south": {"uv": [0.375, 9.375, 0.5, 9.5], "texture": "#0", "tintindex": 0},
				"west": {"uv": [0.25, 9.375, 0.375, 9.5], "texture": "#0", "tintindex": 0},
				"up": {"uv": [0.25, 9.375, 0.125, 9.25], "texture": "#0", "tintindex": 0},
				"down": {"uv": [0.375, 9.25, 0.25, 9.375], "texture": "#0", "tintindex": 0}
			}
		},
		{
			"name": "beard",
			"from": [5, 0, 2],
			"to": [6, 1, 3],
			"rotation": {"angle": 0, "axis": "y", "origin": [3, -6.13503, 5.77407]},
			"faces": {
				"north": {"uv": [0.125, 9.375, 0.25, 9.5], "texture": "#0", "tintindex": 0},
				"east": {"uv": [0, 9.375, 0.125, 9.5], "texture": "#0", "tintindex": 0},
				"south": {"uv": [0.375, 9.375, 0.5, 9.5], "texture": "#0", "tintindex": 0},
				"west": {"uv": [0.25, 9.375, 0.375, 9.5], "texture": "#0", "tintindex": 0},
				"up": {"uv": [0.25, 9.375, 0.125, 9.25], "texture": "#0", "tintindex": 0},
				"down": {"uv": [0.375, 9.25, 0.25, 9.375], "texture": "#0", "tintindex": 0}
			}
		},
		{
			"name": "beard",
			"from": [5, -2, 2],
			"to": [11, 0, 3],
			"rotation": {"angle": 0, "axis": "y", "origin": [3, -7.13503, 5.77407]},
			"faces": {
				"north": {"uv": [0.125, 9.625, 0.875, 9.875], "texture": "#0", "tintindex": 0},
				"east": {"uv": [0, 9.625, 0.125, 9.875], "texture": "#0", "tintindex": 0},
				"south": {"uv": [1, 9.625, 1.75, 9.875], "texture": "#0", "tintindex": 0},
				"west": {"uv": [0.875, 9.625, 1, 9.875], "texture": "#0", "tintindex": 0},
				"up": {"uv": [0.875, 9.625, 0.125, 9.5], "texture": "#0", "tintindex": 0},
				"down": {"uv": [1.625, 9.5, 0.875, 9.625], "texture": "#0", "tintindex": 0}
			}
		},
		{
			"from": [2, 5, 1],
			"to": [14, 7, 13],
			"rotation": {"angle": 0, "axis": "y", "origin": [10, 13, 9]},
			"faces": {
				"north": {"uv": [7.5, 1.5, 9, 1.75], "texture": "#0", "tintindex": 0},
				"east": {"uv": [9, 1.75, 10.5, 2], "texture": "#0", "tintindex": 0},
				"south": {"uv": [7.5, 1.5, 9, 1.75], "texture": "#0", "tintindex": 0},
				"west": {"uv": [9, 1.5, 10.5, 1.75], "texture": "#0", "tintindex": 0},
				"up": {"uv": [7.5, 0, 9, 1.5], "rotation": 180, "texture": "#0", "tintindex": 0},
				"down": {"uv": [9, 0, 10.5, 1.5], "texture": "#0", "tintindex": 0}
			}
		},
		{
			"from": [3, 7, 2.975],
			"to": [13, 10.025, 11.025],
			"rotation": {"angle": 0, "axis": "y", "origin": [10, 15, 9]},
			"faces": {
				"north": {"uv": [7.5, 2.875, 8.75, 3.253], "texture": "#0", "tintindex": 0},
				"east": {"uv": [8.75, 2.75, 9.75613, 3.128], "texture": "#0", "tintindex": 0},
				"south": {"uv": [7.5, 2.875, 8.75, 3.253], "texture": "#0", "tintindex": 0},
				"west": {"uv": [8.75, 2.75, 9.75613, 3.128], "texture": "#0", "tintindex": 0},
				"up": {"uv": [7.5, 1.75, 8.75, 2.75613], "texture": "#0", "tintindex": 0},
				"down": {"uv": [0, 0, 1.25, 1.00625], "texture": "#0", "tintindex": 0}
			}
		},
		{
			"from": [7, 10, 5.975],
			"to": [9, 11, 7.975],
			"rotation": {"angle": 0, "axis": "y", "origin": [14, 18, 12]},
			"faces": {
				"north": {"uv": [7.5, 3.375, 7.75, 3.5], "texture": "#0", "tintindex": 0},
				"east": {"uv": [7.5, 3.25, 7.75, 3.375], "texture": "#0", "tintindex": 0},
				"south": {"uv": [7.5, 3.375, 7.75, 3.5], "texture": "#0", "tintindex": 0},
				"west": {"uv": [7.5, 3.25, 7.75, 3.375], "texture": "#0", "tintindex": 0},
				"up": {"uv": [7.5, 3.25, 7.75, 3.5], "texture": "#0", "tintindex": 0},
				"down": {"uv": [7.5, 3.25, 7.75, 3.5], "rotation": 90, "texture": "#0", "tintindex": 0}
			}
		}
	],
	"display": {
		"thirdperson_righthand": {
			"rotation": [75, 45, 0],
			"translation": [0, 2.5, 0],
			"scale": [0.375, 0.375, 0.375]
		},
		"thirdperson_lefthand": {
			"rotation": [75, 45, 0],
			"translation": [0, 2.5, 0],
			"scale": [0.375, 0.375, 0.375]
		},
		"firstperson_righthand": {
			"rotation": [0, 45, 0],
			"scale": [0.4, 0.4, 0.4]
		},
		"firstperson_lefthand": {
			"rotation": [0, 225, 0],
			"scale": [0.4, 0.4, 0.4]
		},
		"ground": {
			"translation": [0, 3, 0],
			"scale": [0.25, 0.25, 0.25]
		},
		"gui": {
			"rotation": [30, 225, 0],
			"scale": [0.625, 0.625, 0.625]
		},
		"head": {
			"translation": [0, 6.75, 1.75],
			"scale": [1.65, 1.65, 1.65]
		},
		"fixed": {
			"rotation": [-90, 0, 0],
			"translation": [0, 0, -26],
			"scale": [2, 2, 2]
		}
	},
	"groups": [
		{
			"name": "Entire",
			"origin": [8, 8, 8],
			"children": [
				{
					"name": "Head",
					"origin": [8, 8, 8],
					"children": [0, 1, 2, 3, 4, 5,
						{
							"name": "Hat",
							"origin": [8, 8, 8],
							"children": [6, 7, 8]
						}
					]
				}
			]
		}
	]
}
