{
    "textures": {
        "0": "dnd:entity/ambermancer/ambermancer_arms_walking"
    },
    "elements": [
        {
            "name": "body",
            "from": [ 3.5, 4.5, 3.5 ],
            "to":   [ 12.5, 24.5, 10.5 ],
            "rotation": { "angle": 0, "axis": "y", "origin": [8, 17.86497, 5.77407] },
            "faces": {
                "north": { "uv": [ 0.375, 0.375, 0.875, 1.625 ], "texture": "#0", "tintindex": 0 },
                "east":  { "uv": [ 0, 0.375, 0.375, 1.625 ], "texture": "#0", "tintindex": 0 },
                "south": { "uv": [ 1.25, 0.375, 1.75, 1.625 ], "texture": "#0", "tintindex": 0 },
                "west":  { "uv": [ 0.875, 0.375, 1.25, 1.625 ], "texture": "#0", "tintindex": 0 },
                "up":    { "uv": [ 0.875, 0.375, 0.375, 0 ], "texture": "#0", "tintindex": 0 },
                "down":  { "uv": [ 1.375, 0, 0.875, 0.375 ], "texture": "#0", "tintindex": 0 }
            }
        },
        {
            "name": "body",
            "from": [ 4, 12, 4 ],
            "to":   [ 12, 24, 10 ],
            "rotation": { "angle": 0, "axis": "y", "origin": [8, 17.86497, 5.77407] },
            "faces": {
                "north": { "uv": [ 0.375, 2, 0.875, 2.75 ], "texture": "#0", "tintindex": 0 },
                "east":  { "uv": [ 0, 2, 0.375, 2.75 ], "texture": "#0", "tintindex": 0 },
                "south": { "uv": [ 1.25, 2, 1.75, 2.75 ], "texture": "#0", "tintindex": 0 },
                "west":  { "uv": [ 0.875, 2, 1.25, 2.75 ], "texture": "#0", "tintindex": 0 },
                "up":    { "uv": [ 0.875, 2, 0.375, 1.625 ], "texture": "#0", "tintindex": 0 },
                "down":  { "uv": [ 1.375, 1.625, 0.875, 2 ], "texture": "#0", "tintindex": 0 }
            }
        },
        {
            "name": "leg0",
            "from": [ 4, 0, 5 ],
            "to":   [ 8, 12, 9 ],
            "rotation": { "angle": 0, "axis": "y", "origin": [8, 17.86497, 5.77407] },
            "faces": {
                "north": { "uv": [ 2.75, 3, 3, 3.75 ], "texture": "#0", "tintindex": 0 },
                "east":  { "uv": [ 2.5, 3, 2.75, 3.75 ], "texture": "#0", "tintindex": 0 },
                "south": { "uv": [ 3.25, 3, 3.5, 3.75 ], "texture": "#0", "tintindex": 0 },
                "west":  { "uv": [ 3, 3, 3.25, 3.75 ], "texture": "#0", "tintindex": 0 },
                "up":    { "uv": [ 3, 3, 2.75, 2.75 ], "texture": "#0", "tintindex": 0 },
                "down":  { "uv": [ 3.25, 2.75, 3, 3 ], "texture": "#0", "tintindex": 0 }
            }
        },
        {
            "name": "leg1",
            "from": [ 8, 0, 5 ],
            "to":   [ 12, 12, 9 ],
            "rotation": { "angle": 0, "axis": "y", "origin": [8, 17.86497, 5.77407] },
            "faces": {
                "north": { "uv": [ 1.75, 3, 2, 3.75 ], "texture": "#0", "tintindex": 0 },
                "east":  { "uv": [ 1.5, 3, 1.75, 3.75 ], "texture": "#0", "tintindex": 0 },
                "south": { "uv": [ 2.25, 3, 2.5, 3.75 ], "texture": "#0", "tintindex": 0 },
                "west":  { "uv": [ 2, 3, 2.25, 3.75 ], "texture": "#0", "tintindex": 0 },
                "up":    { "uv": [ 2, 3, 1.75, 2.75 ], "texture": "#0", "tintindex": 0 },
                "down":  { "uv": [ 2.25, 2.75, 2, 3 ], "texture": "#0", "tintindex": 0 }
            }
        },
        {
            "name": "rightarm",
            "from": [ -7.5, 20.5, 5 ],
            "to":   [ 4.5, 24.5, 9 ],
            "rotation": { "angle": -45, "axis": "z", "origin": [3.5, 21, 7] },
            "faces": {
                "north": { "uv": [ 3, 1.875, 3.25, 2.625 ], "rotation":270, "texture": "#0", "tintindex": 0 },
                "east":  { "uv": [ 3.25, 1.875, 3, 1.625 ], "rotation":90, "texture": "#0", "tintindex": 0 },
                "south": { "uv": [ 3.5, 1.875, 3.75, 2.625 ], "rotation":90, "texture": "#0", "tintindex": 0 },
                "west":  { "uv": [ 3.5, 1.625, 3.25, 1.875 ], "rotation":90, "texture": "#0", "tintindex": 0 },
                "up":    { "uv": [ 3.25, 1.875, 3.5, 2.625 ], "rotation":90, "texture": "#0", "tintindex": 0 },
                "down":  { "uv": [ 2.75, 1.875, 3, 2.625 ], "rotation":90, "texture": "#0", "tintindex": 0 }
            }
        },
        {
            "name": "leftarm",
            "from": [ 11.5, 20.5, 5 ],
            "to":   [ 23.5, 24.5, 9 ],
            "rotation": { "angle": 45, "axis": "z", "origin": [12.5, 21, 7] },
            "faces": {
                "north": { "uv": [ 2, 1.875, 2.25, 2.625 ], "rotation":90, "texture": "#0", "tintindex": 0 },
                "east":  { "uv": [ 2.5, 1.625, 2.25, 1.875 ], "rotation":270, "texture": "#0", "tintindex": 0 },
                "south": { "uv": [ 2.5, 1.875, 2.75, 2.625 ], "rotation":270, "texture": "#0", "tintindex": 0 },
                "west":  { "uv": [ 2.25, 1.875, 2, 1.625 ], "rotation":270, "texture": "#0", "tintindex": 0 },
                "up":    { "uv": [ 1.75, 1.875, 2, 2.625 ], "rotation":270, "texture": "#0", "tintindex": 0 },
                "down":  { "uv": [ 2.25, 1.875, 2.5, 2.625 ], "rotation":270, "texture": "#0", "tintindex": 0 }
            }
        },
        {
            "name": "body",
            "from": [ 3.5, 4.5, 3.5 ],
            "to":   [ 12.5, 24.5, 10.5 ],
            "rotation": { "angle": 0, "axis": "y", "origin": [8, 17.86497, 5.77407] },
            "faces": {
                "north": { "uv": [ 8.375, 0.375, 8.875, 1.625 ], "texture": "#0", "tintindex": 0 },
                "east":  { "uv": [ 8, 0.375, 8.375, 1.625 ], "texture": "#0", "tintindex": 0 },
                "south": { "uv": [ 9.25, 0.375, 9.75, 1.625 ], "texture": "#0", "tintindex": 0 },
                "west":  { "uv": [ 8.875, 0.375, 9.25, 1.625 ], "texture": "#0", "tintindex": 0 },
                "up":    { "uv": [ 8.875, 0.375, 8.375, 0 ], "texture": "#0", "tintindex": 0 },
                "down":  { "uv": [ 9.375, 0, 8.875, 0.375 ], "texture": "#0", "tintindex": 0 }
            }
        },
        {
            "name": "body",
            "from": [ 4, 12, 4 ],
            "to":   [ 12, 24, 10 ],
            "rotation": { "angle": 0, "axis": "y", "origin": [8, 17.86497, 5.77407] },
            "faces": {
                "north": { "uv": [ 8.375, 2, 8.875, 2.75 ], "texture": "#0", "tintindex": 0 },
                "east":  { "uv": [ 8, 2, 8.375, 2.75 ], "texture": "#0", "tintindex": 0 },
                "south": { "uv": [ 9.25, 2, 9.75, 2.75 ], "texture": "#0", "tintindex": 0 },
                "west":  { "uv": [ 8.875, 2, 9.25, 2.75 ], "texture": "#0", "tintindex": 0 },
                "up":    { "uv": [ 8.875, 2, 8.375, 1.625 ], "texture": "#0", "tintindex": 0 },
                "down":  { "uv": [ 9.375, 1.625, 8.875, 2 ], "texture": "#0", "tintindex": 0 }
            }
        },
        {
            "name": "leg0",
            "from": [ 4, 0, 5 ],
            "to":   [ 8, 12, 9 ],
            "rotation": { "angle": -22.5, "axis": "x", "origin": [8, 12, 7] },
            "faces": {
                "north": { "uv": [ 10.75, 3, 11, 3.75 ], "texture": "#0", "tintindex": 0 },
                "east":  { "uv": [ 10.5, 3, 10.75, 3.75 ], "texture": "#0", "tintindex": 0 },
                "south": { "uv": [ 11.25, 3, 11.5, 3.75 ], "texture": "#0", "tintindex": 0 },
                "west":  { "uv": [ 11, 3, 11.25, 3.75 ], "texture": "#0", "tintindex": 0 },
                "up":    { "uv": [ 11, 3, 10.75, 2.75 ], "texture": "#0", "tintindex": 0 },
                "down":  { "uv": [ 11.25, 2.75, 11, 3 ], "texture": "#0", "tintindex": 0 }
            }
        },
        {
            "name": "leg1",
            "from": [ 8, 0, 5 ],
            "to":   [ 12, 12, 9 ],
            "rotation": { "angle": 22.5, "axis": "x", "origin": [8, 12, 7] },
            "faces": {
                "north": { "uv": [ 9.75, 3, 10, 3.75 ], "texture": "#0", "tintindex": 0 },
                "east":  { "uv": [ 9.5, 3, 9.75, 3.75 ], "texture": "#0", "tintindex": 0 },
                "south": { "uv": [ 10.25, 3, 10.5, 3.75 ], "texture": "#0", "tintindex": 0 },
                "west":  { "uv": [ 10, 3, 10.25, 3.75 ], "texture": "#0", "tintindex": 0 },
                "up":    { "uv": [ 10, 3, 9.75, 2.75 ], "texture": "#0", "tintindex": 0 },
                "down":  { "uv": [ 10.25, 2.75, 10, 3 ], "texture": "#0", "tintindex": 0 }
            }
        },
        {
            "name": "rightarm",
            "from": [ -7.5, 20.5, 5 ],
            "to":   [ 4.5, 24.5, 9 ],
            "rotation": { "angle": -45, "axis": "z", "origin": [3.5, 21, 7] },
            "faces": {
                "north": { "uv": [ 11, 1.875, 11.25, 2.625 ], "rotation":270, "texture": "#0", "tintindex": 0 },
                "east":  { "uv": [ 11.25, 1.875, 11, 1.625 ], "rotation":90, "texture": "#0", "tintindex": 0 },
                "south": { "uv": [ 11.5, 1.875, 11.75, 2.625 ], "rotation":90, "texture": "#0", "tintindex": 0 },
                "west":  { "uv": [ 11.5, 1.625, 11.25, 1.875 ], "rotation":90, "texture": "#0", "tintindex": 0 },
                "up":    { "uv": [ 11.25, 1.875, 11.5, 2.625 ], "rotation":90, "texture": "#0", "tintindex": 0 },
                "down":  { "uv": [ 10.75, 1.875, 11, 2.625 ], "rotation":90, "texture": "#0", "tintindex": 0 }
            }
        },
        {
            "name": "leftarm",
            "from": [ 11.5, 20.5, 5 ],
            "to":   [ 23.5, 24.5, 9 ],
            "rotation": { "angle": 45, "axis": "z", "origin": [12.5, 21, 7] },
            "faces": {
                "north": { "uv": [ 10, 1.875, 10.25, 2.625 ], "rotation":90, "texture": "#0", "tintindex": 0 },
                "east":  { "uv": [ 10.5, 1.625, 10.25, 1.875 ], "rotation":270, "texture": "#0", "tintindex": 0 },
                "south": { "uv": [ 10.5, 1.875, 10.75, 2.625 ], "rotation":270, "texture": "#0", "tintindex": 0 },
                "west":  { "uv": [ 10.25, 1.875, 10, 1.625 ], "rotation":270, "texture": "#0", "tintindex": 0 },
                "up":    { "uv": [ 9.75, 1.875, 10, 2.625 ], "rotation":270, "texture": "#0", "tintindex": 0 },
                "down":  { "uv": [ 10.25, 1.875, 10.5, 2.625 ], "rotation":270, "texture": "#0", "tintindex": 0 }
            }
        },
        {
            "name": "body",
            "from": [ 3.5, 4.5, 3.5 ],
            "to":   [ 12.5, 24.5, 10.5 ],
            "rotation": { "angle": 0, "axis": "y", "origin": [8, 17.86497, 5.77407] },
            "faces": {
                "north": { "uv": [ 0.375, 8.375, 0.875, 9.625 ], "texture": "#0", "tintindex": 0 },
                "east":  { "uv": [ 0, 8.375, 0.375, 9.625 ], "texture": "#0", "tintindex": 0 },
                "south": { "uv": [ 1.25, 8.375, 1.75, 9.625 ], "texture": "#0", "tintindex": 0 },
                "west":  { "uv": [ 0.875, 8.375, 1.25, 9.625 ], "texture": "#0", "tintindex": 0 },
                "up":    { "uv": [ 0.875, 8.375, 0.375, 8 ], "texture": "#0", "tintindex": 0 },
                "down":  { "uv": [ 1.375, 8, 0.875, 8.375 ], "texture": "#0", "tintindex": 0 }
            }
        },
        {
            "name": "body",
            "from": [ 4, 12, 4 ],
            "to":   [ 12, 24, 10 ],
            "rotation": { "angle": 0, "axis": "y", "origin": [8, 17.86497, 5.77407] },
            "faces": {
                "north": { "uv": [ 0.375, 10, 0.875, 10.75 ], "texture": "#0", "tintindex": 0 },
                "east":  { "uv": [ 0, 10, 0.375, 10.75 ], "texture": "#0", "tintindex": 0 },
                "south": { "uv": [ 1.25, 10, 1.75, 10.75 ], "texture": "#0", "tintindex": 0 },
                "west":  { "uv": [ 0.875, 10, 1.25, 10.75 ], "texture": "#0", "tintindex": 0 },
                "up":    { "uv": [ 0.875, 10, 0.375, 9.625 ], "texture": "#0", "tintindex": 0 },
                "down":  { "uv": [ 1.375, 9.625, 0.875, 10 ], "texture": "#0", "tintindex": 0 }
            }
        },
        {
            "name": "leg0",
            "from": [ 4, 0, 5 ],
            "to":   [ 8, 12, 9 ],
            "rotation": { "angle": 22.5, "axis": "x", "origin": [8, 12, 7] },
            "faces": {
                "north": { "uv": [ 2.75, 11, 3, 11.75 ], "texture": "#0", "tintindex": 0 },
                "east":  { "uv": [ 2.5, 11, 2.75, 11.75 ], "texture": "#0", "tintindex": 0 },
                "south": { "uv": [ 3.25, 11, 3.5, 11.75 ], "texture": "#0", "tintindex": 0 },
                "west":  { "uv": [ 3, 11, 3.25, 11.75 ], "texture": "#0", "tintindex": 0 },
                "up":    { "uv": [ 3, 11, 2.75, 10.75 ], "texture": "#0", "tintindex": 0 },
                "down":  { "uv": [ 3.25, 10.75, 3, 11 ], "texture": "#0", "tintindex": 0 }
            }
        },
        {
            "name": "leg1",
            "from": [ 8, 0, 5 ],
            "to":   [ 12, 12, 9 ],
            "rotation": { "angle": -22.5, "axis": "x", "origin": [8, 12, 7] },
            "faces": {
                "north": { "uv": [ 1.75, 11, 2, 11.75 ], "texture": "#0", "tintindex": 0 },
                "east":  { "uv": [ 1.5, 11, 1.75, 11.75 ], "texture": "#0", "tintindex": 0 },
                "south": { "uv": [ 2.25, 11, 2.5, 11.75 ], "texture": "#0", "tintindex": 0 },
                "west":  { "uv": [ 2, 11, 2.25, 11.75 ], "texture": "#0", "tintindex": 0 },
                "up":    { "uv": [ 2, 11, 1.75, 10.75 ], "texture": "#0", "tintindex": 0 },
                "down":  { "uv": [ 2.25, 10.75, 2, 11 ], "texture": "#0", "tintindex": 0 }
            }
        },
        {
            "name": "rightarm",
            "from": [ -7.5, 20.5, 5 ],
            "to":   [ 4.5, 24.5, 9 ],
            "rotation": { "angle": -45, "axis": "z", "origin": [3.5, 21, 7] },
            "faces": {
                "north": { "uv": [ 3, 9.875, 3.25, 10.625 ], "rotation":270, "texture": "#0", "tintindex": 0 },
                "east":  { "uv": [ 3.25, 9.875, 3, 9.625 ], "rotation":90, "texture": "#0", "tintindex": 0 },
                "south": { "uv": [ 3.5, 9.875, 3.75, 10.625 ], "rotation":90, "texture": "#0", "tintindex": 0 },
                "west":  { "uv": [ 3.5, 9.625, 3.25, 9.875 ], "rotation":90, "texture": "#0", "tintindex": 0 },
                "up":    { "uv": [ 3.25, 9.875, 3.5, 10.625 ], "rotation":90, "texture": "#0", "tintindex": 0 },
                "down":  { "uv": [ 2.75, 9.875, 3, 10.625 ], "rotation":90, "texture": "#0", "tintindex": 0 }
            }
        },
        {
            "name": "leftarm",
            "from": [ 11.5, 20.5, 5 ],
            "to":   [ 23.5, 24.5, 9 ],
            "rotation": { "angle": 45, "axis": "z", "origin": [12.5, 21, 7] },
            "faces": {
                "north": { "uv": [ 2, 9.875, 2.25, 10.625 ], "rotation":90, "texture": "#0", "tintindex": 0 },
                "east":  { "uv": [ 2.5, 9.625, 2.25, 9.875 ], "rotation":270, "texture": "#0", "tintindex": 0 },
                "south": { "uv": [ 2.5, 9.875, 2.75, 10.625 ], "rotation":270, "texture": "#0", "tintindex": 0 },
                "west":  { "uv": [ 2.25, 9.875, 2, 9.625 ], "rotation":270, "texture": "#0", "tintindex": 0 },
                "up":    { "uv": [ 1.75, 9.875, 2, 10.625 ], "rotation":270, "texture": "#0", "tintindex": 0 },
                "down":  { "uv": [ 2.25, 9.875, 2.5, 10.625 ], "rotation":270, "texture": "#0", "tintindex": 0 }
            }
        }
    ],
    "display": {
        "thirdperson_righthand": {
            "rotation": [ 75, 45, 0 ],
            "translation": [ 0, 2.5, 0 ],
            "scale": [ 0.375, 0.375, 0.375 ]
        },
        "thirdperson_lefthand": {
            "rotation": [ 75, 45, 0 ],
            "translation": [ 0, 2.5, 0 ],
            "scale": [ 0.375, 0.375, 0.375 ]
        },
        "firstperson_righthand": {
            "rotation": [ 0, 45, 0 ],
            "scale": [ 0.4, 0.4, 0.4 ]
        },
        "firstperson_lefthand": {
            "rotation": [ 0, 225, 0 ],
            "scale": [ 0.4, 0.4, 0.4 ]
        },
        "ground": {
            "rotation": [ -180, 0, -180 ],
            "translation": [ 0, -9.75, -7.25 ]
        },
        "gui": {
            "rotation": [ 30, 225, 0 ],
            "scale": [ 0.625, 0.625, 0.625 ]
        },
        "head": {
            "translation": [ 0, -29.25, 2.5 ],
            "scale": [ 1.65, 1.65, 1.65 ]
        },
        "fixed": {
            "rotation": [ -90, 0, 0 ],
            "translation": [ 0, 0, -26 ],
            "scale": [ 2, 2, 2 ]
        }
    },
    "groups": [
        {
            "name": "Entire",
            "origin": [
                8,
                8,
                8
            ],
            "children": [
                {
                    "name": "Body",
                    "origin": [
                        8,
                        8,
                        8
                    ],
                    "children": [
                        0,
                        1
                    ]
                },
                {
                    "name": "Limbs",
                    "origin": [
                        8,
                        8,
                        8
                    ],
                    "children": [
                        2,
                        3,
                        {
                            "name": "Arms",
                            "origin": [
                                8,
                                8,
                                8
                            ],
                            "children": [
                                {
                                    "name": "Closed",
                                    "origin": [
                                        8,
                                        8,
                                        8
                                    ],
                                    "children": []
                                },
                                {
                                    "name": "Open",
                                    "origin": [
                                        8,
                                        8,
                                        8
                                    ],
                                    "children": [
                                        4,
                                        5
                                    ]
                                }
                            ]
                        }
                    ]
                }
            ]
        }
    ],
    "__comment": "Model animated using Fizzy's model animator - http://fizzy81.github.io/animated-models/"
}
