{
    "textures": {
        "0": "dnd:entity/ambermancer/amber_mosquito_walking"
    },
    "elements": [
        {
            "from": [ 5.49944, -1, 6 ],
            "to":   [ 10.49944, 0, 6.01 ],
            "rotation": { "angle": -22.5, "axis": "x", "origin": [7.99944, 0, 6.005] },
            "faces": {
                "north": { "uv": [ 1.25, 2.875, 1.875, 3 ], "texture": "#0", "tintindex": 0 },
                "east":  { "uv": [ 1.25, 2.875, 1.25, 3 ], "texture": "#0", "tintindex": 0 },
                "south": { "uv": [ 1.875, 2.875, 2.5, 3 ], "texture": "#0", "tintindex": 0 },
                "west":  { "uv": [ 1.875, 2.875, 1.875, 3 ], "texture": "#0", "tintindex": 0 },
                "up":    { "uv": [ 1.875, 2.875, 1.25, 2.875 ], "texture": "#0", "tintindex": 0 },
                "down":  { "uv": [ 2.5, 2.875, 1.875, 2.875 ], "texture": "#0", "tintindex": 0 }
            }
        },
        {
            "from": [ 5.49944, -0.23463, 4.15224 ],
            "to":   [ 10.49944, 0.76537, 4.16224 ],
            "rotation": { "angle": -22.5, "axis": "x", "origin": [7.99944, 0, 6.005] },
            "faces": {
                "north": { "uv": [ 1.25, 2.75, 1.875, 2.875 ], "texture": "#0", "tintindex": 0 },
                "east":  { "uv": [ 1.25, 2.75, 1.25, 2.875 ], "texture": "#0", "tintindex": 0 },
                "south": { "uv": [ 1.875, 2.75, 2.5, 2.875 ], "texture": "#0", "tintindex": 0 },
                "west":  { "uv": [ 1.875, 2.75, 1.875, 2.875 ], "texture": "#0", "tintindex": 0 },
                "up":    { "uv": [ 1.875, 2.75, 1.25, 2.75 ], "texture": "#0", "tintindex": 0 },
                "down":  { "uv": [ 2.5, 2.75, 1.875, 2.75 ], "texture": "#0", "tintindex": 0 }
            }
        },
        {
            "from": [ 5.49944, -1.76537, 7.84776 ],
            "to":   [ 10.49944, -0.76537, 7.85776 ],
            "rotation": { "angle": -22.5, "axis": "x", "origin": [7.99944, 0, 6.005] },
            "faces": {
                "north": { "uv": [ 1.25, 2.625, 1.875, 2.75 ], "texture": "#0", "tintindex": 0 },
                "east":  { "uv": [ 1.25, 2.625, 1.25, 2.75 ], "texture": "#0", "tintindex": 0 },
                "south": { "uv": [ 1.875, 2.625, 2.5, 2.75 ], "texture": "#0", "tintindex": 0 },
                "west":  { "uv": [ 1.875, 2.625, 1.875, 2.75 ], "texture": "#0", "tintindex": 0 },
                "up":    { "uv": [ 1.875, 2.625, 1.25, 2.625 ], "texture": "#0", "tintindex": 0 },
                "down":  { "uv": [ 2.5, 2.625, 1.875, 2.625 ], "texture": "#0", "tintindex": 0 }
            }
        },
        {
            "from": [ 5.49944, 0, 3 ],
            "to":   [ 10.49944, 5, 11 ],
            "rotation": { "angle": 0, "axis": "y", "origin": [7.99944, 0, 6.005] },
            "faces": {
                "north": { "uv": [ 1, 1, 1.625, 1.625 ], "texture": "#0", "tintindex": 0 },
                "east":  { "uv": [ 0, 1, 1, 1.625 ], "texture": "#0", "tintindex": 0 },
                "south": { "uv": [ 2.625, 1, 3.25, 1.625 ], "texture": "#0", "tintindex": 0 },
                "west":  { "uv": [ 1.625, 1, 2.625, 1.625 ], "texture": "#0", "tintindex": 0 },
                "up":    { "uv": [ 1.625, 1, 1, 0 ], "texture": "#0", "tintindex": 0 },
                "down":  { "uv": [ 2.25, 0, 1.625, 1 ], "texture": "#0", "tintindex": 0 }
            }
        },
        {
            "from": [ 9.94919, 5.12133, 2.5 ],
            "to":   [ 15.94919, 5.13133, 9.5 ],
            "rotation": { "angle": 0, "axis": "z", "origin": [10.12076, 5.12633, 6] },
            "faces": {
                "north": { "uv": [ 0, 2.375, 0.75, 2.375 ], "texture": "#0", "tintindex": 0 },
                "east":  { "uv": [ 2.375, 2.375, 3.25, 2.375 ], "texture": "#0", "tintindex": 0 },
                "south": { "uv": [ 1.625, 2.375, 2.375, 2.375 ], "texture": "#0", "tintindex": 0 },
                "west":  { "uv": [ 0.75, 2.375, 1.625, 2.375 ], "texture": "#0", "tintindex": 0 },
                "up":    { "uv": [ 1.625, 2.375, 0.75, 1.625 ], "rotation":270, "texture": "#0", "tintindex": 0 },
                "down":  { "uv": [ 2.5, 1.625, 1.625, 2.375 ], "rotation":90, "texture": "#0", "tintindex": 0 }
            }
        },
        {
            "from": [ 0.0497, 5.12132, 2.5 ],
            "to":   [ 6.0497, 5.13132, 9.5 ],
            "rotation": { "angle": 0, "axis": "z", "origin": [5.87812, 5.12632, 6] },
            "faces": {
                "north": { "uv": [ 4.875, 0.75, 5.625, 0.75 ], "texture": "#0", "tintindex": 0 },
                "east":  { "uv": [ 4, 0.75, 4.875, 0.75 ], "texture": "#0", "tintindex": 0 },
                "south": { "uv": [ 3.25, 0.75, 4, 0.75 ], "texture": "#0", "tintindex": 0 },
                "west":  { "uv": [ 5.625, 0.75, 6.5, 0.75 ], "texture": "#0", "tintindex": 0 },
                "up":    { "uv": [ 4.875, 0.75, 4, 0 ], "rotation":90, "texture": "#0", "tintindex": 0 },
                "down":  { "uv": [ 5.75, 0, 4.875, 0.75 ], "rotation":270, "texture": "#0", "tintindex": 0 }
            }
        },
        {
            "from": [ 7.49944, -1, 2 ],
            "to":   [ 8.49944, 3, 3 ],
            "rotation": { "angle": 0, "axis": "y", "origin": [7.99944, 0, 6.005] },
            "faces": {
                "north": { "uv": [ 0.125, 3.375, 0.25, 3.875 ], "texture": "#0", "tintindex": 0 },
                "east":  { "uv": [ 0, 3.375, 0.125, 3.875 ], "texture": "#0", "tintindex": 0 },
                "south": { "uv": [ 0.375, 3.375, 0.5, 3.875 ], "texture": "#0", "tintindex": 0 },
                "west":  { "uv": [ 0.25, 3.375, 0.375, 3.875 ], "texture": "#0", "tintindex": 0 },
                "up":    { "uv": [ 0.25, 3.375, 0.125, 3.25 ], "texture": "#0", "tintindex": 0 },
                "down":  { "uv": [ 0.375, 3.25, 0.25, 3.375 ], "texture": "#0", "tintindex": 0 }
            }
        },
        {
            "from": [ 7.99944, -5, 2 ],
            "to":   [ 8.00944, -1, 6 ],
            "rotation": { "angle": 0, "axis": "y", "origin": [7.99944, 0, 6.005] },
            "faces": {
                "north": { "uv": [ 3.75, 2.125, 3.75, 2.625 ], "texture": "#0", "tintindex": 0 },
                "east":  { "uv": [ 3.25, 2.125, 3.75, 2.625 ], "texture": "#0", "tintindex": 0 },
                "south": { "uv": [ 4.25, 2.125, 4.25, 2.625 ], "texture": "#0", "tintindex": 0 },
                "west":  { "uv": [ 3.75, 2.125, 4.25, 2.625 ], "texture": "#0", "tintindex": 0 },
                "up":    { "uv": [ 3.75, 2.125, 3.75, 1.625 ], "texture": "#0", "tintindex": 0 },
                "down":  { "uv": [ 3.75, 1.625, 3.75, 2.125 ], "texture": "#0", "tintindex": 0 }
            }
        },
        {
            "from": [ 6.49944, 1, 11 ],
            "to":   [ 9.49944, 4, 13 ],
            "rotation": { "angle": 0, "axis": "y", "origin": [7.99944, 0, 6.005] },
            "faces": {
                "north": { "uv": [ 0.25, 2.875, 0.625, 3.25 ], "texture": "#0", "tintindex": 0 },
                "east":  { "uv": [ 0, 2.875, 0.25, 3.25 ], "texture": "#0", "tintindex": 0 },
                "south": { "uv": [ 0.875, 2.875, 1.25, 3.25 ], "texture": "#0", "tintindex": 0 },
                "west":  { "uv": [ 0.625, 2.875, 0.875, 3.25 ], "texture": "#0", "tintindex": 0 },
                "up":    { "uv": [ 0.625, 2.875, 0.25, 2.625 ], "texture": "#0", "tintindex": 0 },
                "down":  { "uv": [ 1, 2.625, 0.625, 2.875 ], "texture": "#0", "tintindex": 0 }
            }
        },
        {
            "from": [ 5.49944, -1, 6 ],
            "to":   [ 10.49944, 0, 6.01 ],
            "rotation": { "angle": -22.5, "axis": "x", "origin": [7.99944, 0, 6.005] },
            "faces": {
                "north": { "uv": [ 9.25, 2.875, 9.875, 3 ], "texture": "#0", "tintindex": 0 },
                "east":  { "uv": [ 9.25, 2.875, 9.25, 3 ], "texture": "#0", "tintindex": 0 },
                "south": { "uv": [ 9.875, 2.875, 10.5, 3 ], "texture": "#0", "tintindex": 0 },
                "west":  { "uv": [ 9.875, 2.875, 9.875, 3 ], "texture": "#0", "tintindex": 0 },
                "up":    { "uv": [ 9.875, 2.875, 9.25, 2.875 ], "texture": "#0", "tintindex": 0 },
                "down":  { "uv": [ 10.5, 2.875, 9.875, 2.875 ], "texture": "#0", "tintindex": 0 }
            }
        },
        {
            "from": [ 5.49944, -0.23463, 4.15224 ],
            "to":   [ 10.49944, 0.76537, 4.16224 ],
            "rotation": { "angle": -22.5, "axis": "x", "origin": [7.99944, 0, 6.005] },
            "faces": {
                "north": { "uv": [ 9.25, 2.75, 9.875, 2.875 ], "texture": "#0", "tintindex": 0 },
                "east":  { "uv": [ 9.25, 2.75, 9.25, 2.875 ], "texture": "#0", "tintindex": 0 },
                "south": { "uv": [ 9.875, 2.75, 10.5, 2.875 ], "texture": "#0", "tintindex": 0 },
                "west":  { "uv": [ 9.875, 2.75, 9.875, 2.875 ], "texture": "#0", "tintindex": 0 },
                "up":    { "uv": [ 9.875, 2.75, 9.25, 2.75 ], "texture": "#0", "tintindex": 0 },
                "down":  { "uv": [ 10.5, 2.75, 9.875, 2.75 ], "texture": "#0", "tintindex": 0 }
            }
        },
        {
            "from": [ 5.49944, -1.76537, 7.84776 ],
            "to":   [ 10.49944, -0.76537, 7.85776 ],
            "rotation": { "angle": -22.5, "axis": "x", "origin": [7.99944, 0, 6.005] },
            "faces": {
                "north": { "uv": [ 9.25, 2.625, 9.875, 2.75 ], "texture": "#0", "tintindex": 0 },
                "east":  { "uv": [ 9.25, 2.625, 9.25, 2.75 ], "texture": "#0", "tintindex": 0 },
                "south": { "uv": [ 9.875, 2.625, 10.5, 2.75 ], "texture": "#0", "tintindex": 0 },
                "west":  { "uv": [ 9.875, 2.625, 9.875, 2.75 ], "texture": "#0", "tintindex": 0 },
                "up":    { "uv": [ 9.875, 2.625, 9.25, 2.625 ], "texture": "#0", "tintindex": 0 },
                "down":  { "uv": [ 10.5, 2.625, 9.875, 2.625 ], "texture": "#0", "tintindex": 0 }
            }
        },
        {
            "from": [ 5.49944, 0, 3 ],
            "to":   [ 10.49944, 5, 11 ],
            "rotation": { "angle": 0, "axis": "y", "origin": [7.99944, 0, 6.005] },
            "faces": {
                "north": { "uv": [ 9, 1, 9.625, 1.625 ], "texture": "#0", "tintindex": 0 },
                "east":  { "uv": [ 8, 1, 9, 1.625 ], "texture": "#0", "tintindex": 0 },
                "south": { "uv": [ 10.625, 1, 11.25, 1.625 ], "texture": "#0", "tintindex": 0 },
                "west":  { "uv": [ 9.625, 1, 10.625, 1.625 ], "texture": "#0", "tintindex": 0 },
                "up":    { "uv": [ 9.625, 1, 9, 0 ], "texture": "#0", "tintindex": 0 },
                "down":  { "uv": [ 10.25, 0, 9.625, 1 ], "texture": "#0", "tintindex": 0 }
            }
        },
        {
            "from": [ 9.94919, 5.12133, 2.5 ],
            "to":   [ 15.94919, 5.13133, 9.5 ],
            "rotation": { "angle": -45, "axis": "z", "origin": [10.12076, 5.12633, 6] },
            "faces": {
                "north": { "uv": [ 8, 2.375, 8.75, 2.375 ], "texture": "#0", "tintindex": 0 },
                "east":  { "uv": [ 10.375, 2.375, 11.25, 2.375 ], "texture": "#0", "tintindex": 0 },
                "south": { "uv": [ 9.625, 2.375, 10.375, 2.375 ], "texture": "#0", "tintindex": 0 },
                "west":  { "uv": [ 8.75, 2.375, 9.625, 2.375 ], "texture": "#0", "tintindex": 0 },
                "up":    { "uv": [ 9.625, 2.375, 8.75, 1.625 ], "rotation":270, "texture": "#0", "tintindex": 0 },
                "down":  { "uv": [ 10.5, 1.625, 9.625, 2.375 ], "rotation":90, "texture": "#0", "tintindex": 0 }
            }
        },
        {
            "from": [ 0.0497, 5.12132, 2.5 ],
            "to":   [ 6.0497, 5.13132, 9.5 ],
            "rotation": { "angle": 45, "axis": "z", "origin": [5.87812, 5.12632, 6] },
            "faces": {
                "north": { "uv": [ 12.875, 0.75, 13.625, 0.75 ], "texture": "#0", "tintindex": 0 },
                "east":  { "uv": [ 12, 0.75, 12.875, 0.75 ], "texture": "#0", "tintindex": 0 },
                "south": { "uv": [ 11.25, 0.75, 12, 0.75 ], "texture": "#0", "tintindex": 0 },
                "west":  { "uv": [ 13.625, 0.75, 14.5, 0.75 ], "texture": "#0", "tintindex": 0 },
                "up":    { "uv": [ 12.875, 0.75, 12, 0 ], "rotation":90, "texture": "#0", "tintindex": 0 },
                "down":  { "uv": [ 13.75, 0, 12.875, 0.75 ], "rotation":270, "texture": "#0", "tintindex": 0 }
            }
        },
        {
            "from": [ 7.49944, -1, 2 ],
            "to":   [ 8.49944, 3, 3 ],
            "rotation": { "angle": 0, "axis": "y", "origin": [7.99944, 0, 6.005] },
            "faces": {
                "north": { "uv": [ 8.125, 3.375, 8.25, 3.875 ], "texture": "#0", "tintindex": 0 },
                "east":  { "uv": [ 8, 3.375, 8.125, 3.875 ], "texture": "#0", "tintindex": 0 },
                "south": { "uv": [ 8.375, 3.375, 8.5, 3.875 ], "texture": "#0", "tintindex": 0 },
                "west":  { "uv": [ 8.25, 3.375, 8.375, 3.875 ], "texture": "#0", "tintindex": 0 },
                "up":    { "uv": [ 8.25, 3.375, 8.125, 3.25 ], "texture": "#0", "tintindex": 0 },
                "down":  { "uv": [ 8.375, 3.25, 8.25, 3.375 ], "texture": "#0", "tintindex": 0 }
            }
        },
        {
            "from": [ 7.99944, -5, 2 ],
            "to":   [ 8.00944, -1, 6 ],
            "rotation": { "angle": 0, "axis": "y", "origin": [7.99944, 0, 6.005] },
            "faces": {
                "north": { "uv": [ 11.75, 2.125, 11.75, 2.625 ], "texture": "#0", "tintindex": 0 },
                "east":  { "uv": [ 11.25, 2.125, 11.75, 2.625 ], "texture": "#0", "tintindex": 0 },
                "south": { "uv": [ 12.25, 2.125, 12.25, 2.625 ], "texture": "#0", "tintindex": 0 },
                "west":  { "uv": [ 11.75, 2.125, 12.25, 2.625 ], "texture": "#0", "tintindex": 0 },
                "up":    { "uv": [ 11.75, 2.125, 11.75, 1.625 ], "texture": "#0", "tintindex": 0 },
                "down":  { "uv": [ 11.75, 1.625, 11.75, 2.125 ], "texture": "#0", "tintindex": 0 }
            }
        },
        {
            "from": [ 6.49944, 1, 11 ],
            "to":   [ 9.49944, 4, 13 ],
            "rotation": { "angle": 0, "axis": "y", "origin": [7.99944, 0, 6.005] },
            "faces": {
                "north": { "uv": [ 8.25, 2.875, 8.625, 3.25 ], "texture": "#0", "tintindex": 0 },
                "east":  { "uv": [ 8, 2.875, 8.25, 3.25 ], "texture": "#0", "tintindex": 0 },
                "south": { "uv": [ 8.875, 2.875, 9.25, 3.25 ], "texture": "#0", "tintindex": 0 },
                "west":  { "uv": [ 8.625, 2.875, 8.875, 3.25 ], "texture": "#0", "tintindex": 0 },
                "up":    { "uv": [ 8.625, 2.875, 8.25, 2.625 ], "texture": "#0", "tintindex": 0 },
                "down":  { "uv": [ 9, 2.625, 8.625, 2.875 ], "texture": "#0", "tintindex": 0 }
            }
        },
        {
            "from": [ 5.49944, -1, 6 ],
            "to":   [ 10.49944, 0, 6.01 ],
            "rotation": { "angle": -22.5, "axis": "x", "origin": [7.99944, 0, 6.005] },
            "faces": {
                "north": { "uv": [ 1.25, 10.875, 1.875, 11 ], "texture": "#0", "tintindex": 0 },
                "east":  { "uv": [ 1.25, 10.875, 1.25, 11 ], "texture": "#0", "tintindex": 0 },
                "south": { "uv": [ 1.875, 10.875, 2.5, 11 ], "texture": "#0", "tintindex": 0 },
                "west":  { "uv": [ 1.875, 10.875, 1.875, 11 ], "texture": "#0", "tintindex": 0 },
                "up":    { "uv": [ 1.875, 10.875, 1.25, 10.875 ], "texture": "#0", "tintindex": 0 },
                "down":  { "uv": [ 2.5, 10.875, 1.875, 10.875 ], "texture": "#0", "tintindex": 0 }
            }
        },
        {
            "from": [ 5.49944, -0.23463, 4.15224 ],
            "to":   [ 10.49944, 0.76537, 4.16224 ],
            "rotation": { "angle": -22.5, "axis": "x", "origin": [7.99944, 0, 6.005] },
            "faces": {
                "north": { "uv": [ 1.25, 10.75, 1.875, 10.875 ], "texture": "#0", "tintindex": 0 },
                "east":  { "uv": [ 1.25, 10.75, 1.25, 10.875 ], "texture": "#0", "tintindex": 0 },
                "south": { "uv": [ 1.875, 10.75, 2.5, 10.875 ], "texture": "#0", "tintindex": 0 },
                "west":  { "uv": [ 1.875, 10.75, 1.875, 10.875 ], "texture": "#0", "tintindex": 0 },
                "up":    { "uv": [ 1.875, 10.75, 1.25, 10.75 ], "texture": "#0", "tintindex": 0 },
                "down":  { "uv": [ 2.5, 10.75, 1.875, 10.75 ], "texture": "#0", "tintindex": 0 }
            }
        },
        {
            "from": [ 5.49944, -1.76537, 7.84776 ],
            "to":   [ 10.49944, -0.76537, 7.85776 ],
            "rotation": { "angle": -22.5, "axis": "x", "origin": [7.99944, 0, 6.005] },
            "faces": {
                "north": { "uv": [ 1.25, 10.625, 1.875, 10.75 ], "texture": "#0", "tintindex": 0 },
                "east":  { "uv": [ 1.25, 10.625, 1.25, 10.75 ], "texture": "#0", "tintindex": 0 },
                "south": { "uv": [ 1.875, 10.625, 2.5, 10.75 ], "texture": "#0", "tintindex": 0 },
                "west":  { "uv": [ 1.875, 10.625, 1.875, 10.75 ], "texture": "#0", "tintindex": 0 },
                "up":    { "uv": [ 1.875, 10.625, 1.25, 10.625 ], "texture": "#0", "tintindex": 0 },
                "down":  { "uv": [ 2.5, 10.625, 1.875, 10.625 ], "texture": "#0", "tintindex": 0 }
            }
        },
        {
            "from": [ 5.49944, 0, 3 ],
            "to":   [ 10.49944, 5, 11 ],
            "rotation": { "angle": 0, "axis": "y", "origin": [7.99944, 0, 6.005] },
            "faces": {
                "north": { "uv": [ 1, 9, 1.625, 9.625 ], "texture": "#0", "tintindex": 0 },
                "east":  { "uv": [ 0, 9, 1, 9.625 ], "texture": "#0", "tintindex": 0 },
                "south": { "uv": [ 2.625, 9, 3.25, 9.625 ], "texture": "#0", "tintindex": 0 },
                "west":  { "uv": [ 1.625, 9, 2.625, 9.625 ], "texture": "#0", "tintindex": 0 },
                "up":    { "uv": [ 1.625, 9, 1, 8 ], "texture": "#0", "tintindex": 0 },
                "down":  { "uv": [ 2.25, 8, 1.625, 9 ], "texture": "#0", "tintindex": 0 }
            }
        },
        {
            "from": [ 9.94919, 5.12133, 2.5 ],
            "to":   [ 15.94919, 5.13133, 9.5 ],
            "rotation": { "angle": 45, "axis": "z", "origin": [10.12076, 5.12633, 6] },
            "faces": {
                "north": { "uv": [ 0, 10.375, 0.75, 10.375 ], "texture": "#0", "tintindex": 0 },
                "east":  { "uv": [ 2.375, 10.375, 3.25, 10.375 ], "texture": "#0", "tintindex": 0 },
                "south": { "uv": [ 1.625, 10.375, 2.375, 10.375 ], "texture": "#0", "tintindex": 0 },
                "west":  { "uv": [ 0.75, 10.375, 1.625, 10.375 ], "texture": "#0", "tintindex": 0 },
                "up":    { "uv": [ 1.625, 10.375, 0.75, 9.625 ], "rotation":270, "texture": "#0", "tintindex": 0 },
                "down":  { "uv": [ 2.5, 9.625, 1.625, 10.375 ], "rotation":90, "texture": "#0", "tintindex": 0 }
            }
        },
        {
            "from": [ 0.0497, 5.12132, 2.5 ],
            "to":   [ 6.0497, 5.13132, 9.5 ],
            "rotation": { "angle": -45, "axis": "z", "origin": [5.87812, 5.12632, 6] },
            "faces": {
                "north": { "uv": [ 4.875, 8.75, 5.625, 8.75 ], "texture": "#0", "tintindex": 0 },
                "east":  { "uv": [ 4, 8.75, 4.875, 8.75 ], "texture": "#0", "tintindex": 0 },
                "south": { "uv": [ 3.25, 8.75, 4, 8.75 ], "texture": "#0", "tintindex": 0 },
                "west":  { "uv": [ 5.625, 8.75, 6.5, 8.75 ], "texture": "#0", "tintindex": 0 },
                "up":    { "uv": [ 4.875, 8.75, 4, 8 ], "rotation":90, "texture": "#0", "tintindex": 0 },
                "down":  { "uv": [ 5.75, 8, 4.875, 8.75 ], "rotation":270, "texture": "#0", "tintindex": 0 }
            }
        },
        {
            "from": [ 7.49944, -1, 2 ],
            "to":   [ 8.49944, 3, 3 ],
            "rotation": { "angle": 0, "axis": "y", "origin": [7.99944, 0, 6.005] },
            "faces": {
                "north": { "uv": [ 0.125, 11.375, 0.25, 11.875 ], "texture": "#0", "tintindex": 0 },
                "east":  { "uv": [ 0, 11.375, 0.125, 11.875 ], "texture": "#0", "tintindex": 0 },
                "south": { "uv": [ 0.375, 11.375, 0.5, 11.875 ], "texture": "#0", "tintindex": 0 },
                "west":  { "uv": [ 0.25, 11.375, 0.375, 11.875 ], "texture": "#0", "tintindex": 0 },
                "up":    { "uv": [ 0.25, 11.375, 0.125, 11.25 ], "texture": "#0", "tintindex": 0 },
                "down":  { "uv": [ 0.375, 11.25, 0.25, 11.375 ], "texture": "#0", "tintindex": 0 }
            }
        },
        {
            "from": [ 7.99944, -5, 2 ],
            "to":   [ 8.00944, -1, 6 ],
            "rotation": { "angle": 0, "axis": "y", "origin": [7.99944, 0, 6.005] },
            "faces": {
                "north": { "uv": [ 3.75, 10.125, 3.75, 10.625 ], "texture": "#0", "tintindex": 0 },
                "east":  { "uv": [ 3.25, 10.125, 3.75, 10.625 ], "texture": "#0", "tintindex": 0 },
                "south": { "uv": [ 4.25, 10.125, 4.25, 10.625 ], "texture": "#0", "tintindex": 0 },
                "west":  { "uv": [ 3.75, 10.125, 4.25, 10.625 ], "texture": "#0", "tintindex": 0 },
                "up":    { "uv": [ 3.75, 10.125, 3.75, 9.625 ], "texture": "#0", "tintindex": 0 },
                "down":  { "uv": [ 3.75, 9.625, 3.75, 10.125 ], "texture": "#0", "tintindex": 0 }
            }
        },
        {
            "from": [ 6.49944, 1, 11 ],
            "to":   [ 9.49944, 4, 13 ],
            "rotation": { "angle": 0, "axis": "y", "origin": [7.99944, 0, 6.005] },
            "faces": {
                "north": { "uv": [ 0.25, 10.875, 0.625, 11.25 ], "texture": "#0", "tintindex": 0 },
                "east":  { "uv": [ 0, 10.875, 0.25, 11.25 ], "texture": "#0", "tintindex": 0 },
                "south": { "uv": [ 0.875, 10.875, 1.25, 11.25 ], "texture": "#0", "tintindex": 0 },
                "west":  { "uv": [ 0.625, 10.875, 0.875, 11.25 ], "texture": "#0", "tintindex": 0 },
                "up":    { "uv": [ 0.625, 10.875, 0.25, 10.625 ], "texture": "#0", "tintindex": 0 },
                "down":  { "uv": [ 1, 10.625, 0.625, 10.875 ], "texture": "#0", "tintindex": 0 }
            }
        }
    ],
    "display": {
        "thirdperson_righthand": {
            "rotation": [ 75, 45, 0 ],
            "translation": [ 0, 2.5, 0 ],
            "scale": [ 0.375, 0.375, 0.375 ]
        },
        "thirdperson_lefthand": {
            "rotation": [ 75, 45, 0 ],
            "translation": [ 0, 2.5, 0 ],
            "scale": [ 0.375, 0.375, 0.375 ]
        },
        "firstperson_righthand": {
            "rotation": [ 0, 45, 0 ],
            "scale": [ 0.4, 0.4, 0.4 ]
        },
        "firstperson_lefthand": {
            "rotation": [ 0, 225, 0 ],
            "scale": [ 0.4, 0.4, 0.4 ]
        },
        "ground": {
            "translation": [ 0, 3, 0 ],
            "scale": [ 0.25, 0.25, 0.25 ]
        },
        "gui": {
            "rotation": [ 30, 225, 0 ],
            "scale": [ 0.625, 0.625, 0.625 ]
        },
        "head": {
            "translation": [ 0, -22.75, 0 ],
            "scale": [ 1.65, 1.65, 1.65 ]
        },
        "fixed": {
            "rotation": [ -90, 0, 0 ],
            "translation": [ 0, 0, -26 ],
            "scale": [ 2, 2, 2 ]
        }
    },
    "groups": [
        {
            "name": "Entire",
            "origin": [
                8,
                8,
                8
            ],
            "children": [
                0,
                1,
                2,
                3,
                4,
                5,
                6,
                7,
                8
            ]
        }
    ],
    "__comment": "Model animated using Fizzy's model animator - http://fizzy81.github.io/animated-models/"
}
