{
    "textures": {
        "0": "dnd:entity/ambermancer/amber_mammal_walking"
    },
    "elements": [
        {
            "from": [ 6.5, 3, 0 ],
            "to":   [ 9.5, 6, 5 ],
            "rotation": { "angle": 0, "axis": "y", "origin": [14.5, 11, 8] },
            "faces": {
                "north": { "uv": [ 3.375, 2.375, 3.75, 2.75 ], "texture": "#0", "tintindex": 0 },
                "east":  { "uv": [ 2.75, 2.375, 3.375, 2.75 ], "texture": "#0", "tintindex": 0 },
                "south": { "uv": [ 4.375, 2.375, 4.75, 2.75 ], "texture": "#0", "tintindex": 0 },
                "west":  { "uv": [ 3.75, 2.375, 4.375, 2.75 ], "texture": "#0", "tintindex": 0 },
                "up":    { "uv": [ 3.75, 2.375, 3.375, 1.75 ], "texture": "#0", "tintindex": 0 },
                "down":  { "uv": [ 4.125, 1.75, 3.75, 2.375 ], "texture": "#0", "tintindex": 0 }
            }
        },
        {
            "from": [ 5.5, 2, 5 ],
            "to":   [ 10.5, 7, 14 ],
            "rotation": { "angle": 0, "axis": "y", "origin": [14.5, 11, 8] },
            "faces": {
                "north": { "uv": [ 1.125, 1.125, 1.75, 1.75 ], "texture": "#0", "tintindex": 0 },
                "east":  { "uv": [ 0, 1.125, 1.125, 1.75 ], "texture": "#0", "tintindex": 0 },
                "south": { "uv": [ 2.875, 1.125, 3.5, 1.75 ], "texture": "#0", "tintindex": 0 },
                "west":  { "uv": [ 1.75, 1.125, 2.875, 1.75 ], "texture": "#0", "tintindex": 0 },
                "up":    { "uv": [ 1.75, 1.125, 1.125, 0 ], "texture": "#0", "tintindex": 0 },
                "down":  { "uv": [ 2.375, 0, 1.75, 1.125 ], "texture": "#0", "tintindex": 0 }
            }
        },
        {
            "from": [ 9, 0, 6 ],
            "to":   [ 10, 2, 8 ],
            "rotation": { "angle": 0, "axis": "y", "origin": [15, 10, 8] },
            "faces": {
                "north": { "uv": [ 2.5, 3.375, 2.625, 3.625 ], "texture": "#0", "tintindex": 0 },
                "east":  { "uv": [ 2.25, 3.375, 2.5, 3.625 ], "texture": "#0", "tintindex": 0 },
                "south": { "uv": [ 2.875, 3.375, 3, 3.625 ], "texture": "#0", "tintindex": 0 },
                "west":  { "uv": [ 2.625, 3.375, 2.875, 3.625 ], "texture": "#0", "tintindex": 0 },
                "up":    { "uv": [ 2.625, 3.375, 2.5, 3.125 ], "texture": "#0", "tintindex": 0 },
                "down":  { "uv": [ 2.75, 3.125, 2.625, 3.375 ], "texture": "#0", "tintindex": 0 }
            }
        },
        {
            "from": [ 9, 0, 11 ],
            "to":   [ 10, 2, 13 ],
            "rotation": { "angle": 0, "axis": "y", "origin": [15, 10, 13] },
            "faces": {
                "north": { "uv": [ 1.75, 3.375, 1.875, 3.625 ], "texture": "#0", "tintindex": 0 },
                "east":  { "uv": [ 1.5, 3.375, 1.75, 3.625 ], "texture": "#0", "tintindex": 0 },
                "south": { "uv": [ 2.125, 3.375, 2.25, 3.625 ], "texture": "#0", "tintindex": 0 },
                "west":  { "uv": [ 1.875, 3.375, 2.125, 3.625 ], "texture": "#0", "tintindex": 0 },
                "up":    { "uv": [ 1.875, 3.375, 1.75, 3.125 ], "texture": "#0", "tintindex": 0 },
                "down":  { "uv": [ 2, 3.125, 1.875, 3.375 ], "texture": "#0", "tintindex": 0 }
            }
        },
        {
            "from": [ 6, 0, 6 ],
            "to":   [ 7, 2, 8 ],
            "rotation": { "angle": 0, "axis": "y", "origin": [12, 10, 8] },
            "faces": {
                "north": { "uv": [ 1, 3.375, 1.125, 3.625 ], "texture": "#0", "tintindex": 0 },
                "east":  { "uv": [ 0.75, 3.375, 1, 3.625 ], "texture": "#0", "tintindex": 0 },
                "south": { "uv": [ 1.375, 3.375, 1.5, 3.625 ], "texture": "#0", "tintindex": 0 },
                "west":  { "uv": [ 1.125, 3.375, 1.375, 3.625 ], "texture": "#0", "tintindex": 0 },
                "up":    { "uv": [ 1.125, 3.375, 1, 3.125 ], "texture": "#0", "tintindex": 0 },
                "down":  { "uv": [ 1.25, 3.125, 1.125, 3.375 ], "texture": "#0", "tintindex": 0 }
            }
        },
        {
            "from": [ 6, 0, 11 ],
            "to":   [ 7, 2, 13 ],
            "rotation": { "angle": 0, "axis": "y", "origin": [12, 10, 13] },
            "faces": {
                "north": { "uv": [ 0.25, 3.375, 0.375, 3.625 ], "texture": "#0", "tintindex": 0 },
                "east":  { "uv": [ 0, 3.375, 0.25, 3.625 ], "texture": "#0", "tintindex": 0 },
                "south": { "uv": [ 0.625, 3.375, 0.75, 3.625 ], "texture": "#0", "tintindex": 0 },
                "west":  { "uv": [ 0.375, 3.375, 0.625, 3.625 ], "texture": "#0", "tintindex": 0 },
                "up":    { "uv": [ 0.375, 3.375, 0.25, 3.125 ], "texture": "#0", "tintindex": 0 },
                "down":  { "uv": [ 0.5, 3.125, 0.375, 3.375 ], "texture": "#0", "tintindex": 0 }
            }
        },
        {
            "from": [ 7, 5, 14 ],
            "to":   [ 9, 7, 23 ],
            "rotation": { "angle": 0, "axis": "y", "origin": [14, 11, 8] },
            "faces": {
                "north": { "uv": [ 1.125, 2.875, 1.375, 3.125 ], "texture": "#0", "tintindex": 0 },
                "east":  { "uv": [ 0, 2.875, 1.125, 3.125 ], "texture": "#0", "tintindex": 0 },
                "south": { "uv": [ 2.5, 2.875, 2.75, 3.125 ], "texture": "#0", "tintindex": 0 },
                "west":  { "uv": [ 1.375, 2.875, 2.5, 3.125 ], "texture": "#0", "tintindex": 0 },
                "up":    { "uv": [ 1.375, 2.875, 1.125, 1.75 ], "texture": "#0", "tintindex": 0 },
                "down":  { "uv": [ 1.625, 1.75, 1.375, 2.875 ], "texture": "#0", "tintindex": 0 }
            }
        },
        {
            "from": [ 6.5, 3, 0 ],
            "to":   [ 9.5, 6, 5 ],
            "rotation": { "angle": 0, "axis": "y", "origin": [14.5, 11, 8] },
            "faces": {
                "north": { "uv": [ 11.375, 2.375, 11.75, 2.75 ], "texture": "#0", "tintindex": 0 },
                "east":  { "uv": [ 10.75, 2.375, 11.375, 2.75 ], "texture": "#0", "tintindex": 0 },
                "south": { "uv": [ 12.375, 2.375, 12.75, 2.75 ], "texture": "#0", "tintindex": 0 },
                "west":  { "uv": [ 11.75, 2.375, 12.375, 2.75 ], "texture": "#0", "tintindex": 0 },
                "up":    { "uv": [ 11.75, 2.375, 11.375, 1.75 ], "texture": "#0", "tintindex": 0 },
                "down":  { "uv": [ 12.125, 1.75, 11.75, 2.375 ], "texture": "#0", "tintindex": 0 }
            }
        },
        {
            "from": [ 5.5, 2, 5 ],
            "to":   [ 10.5, 7, 14 ],
            "rotation": { "angle": 0, "axis": "y", "origin": [14.5, 11, 8] },
            "faces": {
                "north": { "uv": [ 9.125, 1.125, 9.75, 1.75 ], "texture": "#0", "tintindex": 0 },
                "east":  { "uv": [ 8, 1.125, 9.125, 1.75 ], "texture": "#0", "tintindex": 0 },
                "south": { "uv": [ 10.875, 1.125, 11.5, 1.75 ], "texture": "#0", "tintindex": 0 },
                "west":  { "uv": [ 9.75, 1.125, 10.875, 1.75 ], "texture": "#0", "tintindex": 0 },
                "up":    { "uv": [ 9.75, 1.125, 9.125, 0 ], "texture": "#0", "tintindex": 0 },
                "down":  { "uv": [ 10.375, 0, 9.75, 1.125 ], "texture": "#0", "tintindex": 0 }
            }
        },
        {
            "from": [ 9, 0, 6 ],
            "to":   [ 10, 2, 8 ],
            "rotation": { "angle": 22.5, "axis": "x", "origin": [8, 2, 7] },
            "faces": {
                "north": { "uv": [ 10.5, 3.375, 10.625, 3.625 ], "texture": "#0", "tintindex": 0 },
                "east":  { "uv": [ 10.25, 3.375, 10.5, 3.625 ], "texture": "#0", "tintindex": 0 },
                "south": { "uv": [ 10.875, 3.375, 11, 3.625 ], "texture": "#0", "tintindex": 0 },
                "west":  { "uv": [ 10.625, 3.375, 10.875, 3.625 ], "texture": "#0", "tintindex": 0 },
                "up":    { "uv": [ 10.625, 3.375, 10.5, 3.125 ], "texture": "#0", "tintindex": 0 },
                "down":  { "uv": [ 10.75, 3.125, 10.625, 3.375 ], "texture": "#0", "tintindex": 0 }
            }
        },
        {
            "from": [ 9, 0, 11 ],
            "to":   [ 10, 2, 13 ],
            "rotation": { "angle": -22.5, "axis": "x", "origin": [8, 2, 12] },
            "faces": {
                "north": { "uv": [ 9.75, 3.375, 9.875, 3.625 ], "texture": "#0", "tintindex": 0 },
                "east":  { "uv": [ 9.5, 3.375, 9.75, 3.625 ], "texture": "#0", "tintindex": 0 },
                "south": { "uv": [ 10.125, 3.375, 10.25, 3.625 ], "texture": "#0", "tintindex": 0 },
                "west":  { "uv": [ 9.875, 3.375, 10.125, 3.625 ], "texture": "#0", "tintindex": 0 },
                "up":    { "uv": [ 9.875, 3.375, 9.75, 3.125 ], "texture": "#0", "tintindex": 0 },
                "down":  { "uv": [ 10, 3.125, 9.875, 3.375 ], "texture": "#0", "tintindex": 0 }
            }
        },
        {
            "from": [ 6, 0, 6 ],
            "to":   [ 7, 2, 8 ],
            "rotation": { "angle": -22.5, "axis": "x", "origin": [8, 2, 7] },
            "faces": {
                "north": { "uv": [ 9, 3.375, 9.125, 3.625 ], "texture": "#0", "tintindex": 0 },
                "east":  { "uv": [ 8.75, 3.375, 9, 3.625 ], "texture": "#0", "tintindex": 0 },
                "south": { "uv": [ 9.375, 3.375, 9.5, 3.625 ], "texture": "#0", "tintindex": 0 },
                "west":  { "uv": [ 9.125, 3.375, 9.375, 3.625 ], "texture": "#0", "tintindex": 0 },
                "up":    { "uv": [ 9.125, 3.375, 9, 3.125 ], "texture": "#0", "tintindex": 0 },
                "down":  { "uv": [ 9.25, 3.125, 9.125, 3.375 ], "texture": "#0", "tintindex": 0 }
            }
        },
        {
            "from": [ 6, 0, 11 ],
            "to":   [ 7, 2, 13 ],
            "rotation": { "angle": 22.5, "axis": "x", "origin": [8, 2, 12] },
            "faces": {
                "north": { "uv": [ 8.25, 3.375, 8.375, 3.625 ], "texture": "#0", "tintindex": 0 },
                "east":  { "uv": [ 8, 3.375, 8.25, 3.625 ], "texture": "#0", "tintindex": 0 },
                "south": { "uv": [ 8.625, 3.375, 8.75, 3.625 ], "texture": "#0", "tintindex": 0 },
                "west":  { "uv": [ 8.375, 3.375, 8.625, 3.625 ], "texture": "#0", "tintindex": 0 },
                "up":    { "uv": [ 8.375, 3.375, 8.25, 3.125 ], "texture": "#0", "tintindex": 0 },
                "down":  { "uv": [ 8.5, 3.125, 8.375, 3.375 ], "texture": "#0", "tintindex": 0 }
            }
        },
        {
            "from": [ 7, 5, 14 ],
            "to":   [ 9, 7, 23 ],
            "rotation": { "angle": 0, "axis": "y", "origin": [14, 11, 8] },
            "faces": {
                "north": { "uv": [ 9.125, 2.875, 9.375, 3.125 ], "texture": "#0", "tintindex": 0 },
                "east":  { "uv": [ 8, 2.875, 9.125, 3.125 ], "texture": "#0", "tintindex": 0 },
                "south": { "uv": [ 10.5, 2.875, 10.75, 3.125 ], "texture": "#0", "tintindex": 0 },
                "west":  { "uv": [ 9.375, 2.875, 10.5, 3.125 ], "texture": "#0", "tintindex": 0 },
                "up":    { "uv": [ 9.375, 2.875, 9.125, 1.75 ], "texture": "#0", "tintindex": 0 },
                "down":  { "uv": [ 9.625, 1.75, 9.375, 2.875 ], "texture": "#0", "tintindex": 0 }
            }
        },
        {
            "from": [ 6.5, 3, 0 ],
            "to":   [ 9.5, 6, 5 ],
            "rotation": { "angle": 0, "axis": "y", "origin": [14.5, 11, 8] },
            "faces": {
                "north": { "uv": [ 3.375, 10.375, 3.75, 10.75 ], "texture": "#0", "tintindex": 0 },
                "east":  { "uv": [ 2.75, 10.375, 3.375, 10.75 ], "texture": "#0", "tintindex": 0 },
                "south": { "uv": [ 4.375, 10.375, 4.75, 10.75 ], "texture": "#0", "tintindex": 0 },
                "west":  { "uv": [ 3.75, 10.375, 4.375, 10.75 ], "texture": "#0", "tintindex": 0 },
                "up":    { "uv": [ 3.75, 10.375, 3.375, 9.75 ], "texture": "#0", "tintindex": 0 },
                "down":  { "uv": [ 4.125, 9.75, 3.75, 10.375 ], "texture": "#0", "tintindex": 0 }
            }
        },
        {
            "from": [ 5.5, 2, 5 ],
            "to":   [ 10.5, 7, 14 ],
            "rotation": { "angle": 0, "axis": "y", "origin": [14.5, 11, 8] },
            "faces": {
                "north": { "uv": [ 1.125, 9.125, 1.75, 9.75 ], "texture": "#0", "tintindex": 0 },
                "east":  { "uv": [ 0, 9.125, 1.125, 9.75 ], "texture": "#0", "tintindex": 0 },
                "south": { "uv": [ 2.875, 9.125, 3.5, 9.75 ], "texture": "#0", "tintindex": 0 },
                "west":  { "uv": [ 1.75, 9.125, 2.875, 9.75 ], "texture": "#0", "tintindex": 0 },
                "up":    { "uv": [ 1.75, 9.125, 1.125, 8 ], "texture": "#0", "tintindex": 0 },
                "down":  { "uv": [ 2.375, 8, 1.75, 9.125 ], "texture": "#0", "tintindex": 0 }
            }
        },
        {
            "from": [ 9, 0, 6 ],
            "to":   [ 10, 2, 8 ],
            "rotation": { "angle": -22.5, "axis": "x", "origin": [8, 2, 7] },
            "faces": {
                "north": { "uv": [ 2.5, 11.375, 2.625, 11.625 ], "texture": "#0", "tintindex": 0 },
                "east":  { "uv": [ 2.25, 11.375, 2.5, 11.625 ], "texture": "#0", "tintindex": 0 },
                "south": { "uv": [ 2.875, 11.375, 3, 11.625 ], "texture": "#0", "tintindex": 0 },
                "west":  { "uv": [ 2.625, 11.375, 2.875, 11.625 ], "texture": "#0", "tintindex": 0 },
                "up":    { "uv": [ 2.625, 11.375, 2.5, 11.125 ], "texture": "#0", "tintindex": 0 },
                "down":  { "uv": [ 2.75, 11.125, 2.625, 11.375 ], "texture": "#0", "tintindex": 0 }
            }
        },
        {
            "from": [ 9, 0, 11 ],
            "to":   [ 10, 2, 13 ],
            "rotation": { "angle": 22.5, "axis": "x", "origin": [8, 2, 12] },
            "faces": {
                "north": { "uv": [ 1.75, 11.375, 1.875, 11.625 ], "texture": "#0", "tintindex": 0 },
                "east":  { "uv": [ 1.5, 11.375, 1.75, 11.625 ], "texture": "#0", "tintindex": 0 },
                "south": { "uv": [ 2.125, 11.375, 2.25, 11.625 ], "texture": "#0", "tintindex": 0 },
                "west":  { "uv": [ 1.875, 11.375, 2.125, 11.625 ], "texture": "#0", "tintindex": 0 },
                "up":    { "uv": [ 1.875, 11.375, 1.75, 11.125 ], "texture": "#0", "tintindex": 0 },
                "down":  { "uv": [ 2, 11.125, 1.875, 11.375 ], "texture": "#0", "tintindex": 0 }
            }
        },
        {
            "from": [ 6, 0, 6 ],
            "to":   [ 7, 2, 8 ],
            "rotation": { "angle": 22.5, "axis": "x", "origin": [8, 2, 7] },
            "faces": {
                "north": { "uv": [ 1, 11.375, 1.125, 11.625 ], "texture": "#0", "tintindex": 0 },
                "east":  { "uv": [ 0.75, 11.375, 1, 11.625 ], "texture": "#0", "tintindex": 0 },
                "south": { "uv": [ 1.375, 11.375, 1.5, 11.625 ], "texture": "#0", "tintindex": 0 },
                "west":  { "uv": [ 1.125, 11.375, 1.375, 11.625 ], "texture": "#0", "tintindex": 0 },
                "up":    { "uv": [ 1.125, 11.375, 1, 11.125 ], "texture": "#0", "tintindex": 0 },
                "down":  { "uv": [ 1.25, 11.125, 1.125, 11.375 ], "texture": "#0", "tintindex": 0 }
            }
        },
        {
            "from": [ 6, 0, 11 ],
            "to":   [ 7, 2, 13 ],
            "rotation": { "angle": -22.5, "axis": "x", "origin": [8, 2, 12] },
            "faces": {
                "north": { "uv": [ 0.25, 11.375, 0.375, 11.625 ], "texture": "#0", "tintindex": 0 },
                "east":  { "uv": [ 0, 11.375, 0.25, 11.625 ], "texture": "#0", "tintindex": 0 },
                "south": { "uv": [ 0.625, 11.375, 0.75, 11.625 ], "texture": "#0", "tintindex": 0 },
                "west":  { "uv": [ 0.375, 11.375, 0.625, 11.625 ], "texture": "#0", "tintindex": 0 },
                "up":    { "uv": [ 0.375, 11.375, 0.25, 11.125 ], "texture": "#0", "tintindex": 0 },
                "down":  { "uv": [ 0.5, 11.125, 0.375, 11.375 ], "texture": "#0", "tintindex": 0 }
            }
        },
        {
            "from": [ 7, 5, 14 ],
            "to":   [ 9, 7, 23 ],
            "rotation": { "angle": 0, "axis": "y", "origin": [14, 11, 8] },
            "faces": {
                "north": { "uv": [ 1.125, 10.875, 1.375, 11.125 ], "texture": "#0", "tintindex": 0 },
                "east":  { "uv": [ 0, 10.875, 1.125, 11.125 ], "texture": "#0", "tintindex": 0 },
                "south": { "uv": [ 2.5, 10.875, 2.75, 11.125 ], "texture": "#0", "tintindex": 0 },
                "west":  { "uv": [ 1.375, 10.875, 2.5, 11.125 ], "texture": "#0", "tintindex": 0 },
                "up":    { "uv": [ 1.375, 10.875, 1.125, 9.75 ], "texture": "#0", "tintindex": 0 },
                "down":  { "uv": [ 1.625, 9.75, 1.375, 10.875 ], "texture": "#0", "tintindex": 0 }
            }
        }
    ],
    "display": {
        "thirdperson_righthand": {
            "rotation": [ 75, 45, 0 ],
            "translation": [ 0, 2.5, 0 ],
            "scale": [ 0.375, 0.375, 0.375 ]
        },
        "thirdperson_lefthand": {
            "rotation": [ 75, 45, 0 ],
            "translation": [ 0, 2.5, 0 ],
            "scale": [ 0.375, 0.375, 0.375 ]
        },
        "firstperson_righthand": {
            "rotation": [ 0, 45, 0 ],
            "scale": [ 0.4, 0.4, 0.4 ]
        },
        "firstperson_lefthand": {
            "rotation": [ 0, 225, 0 ],
            "scale": [ 0.4, 0.4, 0.4 ]
        },
        "ground": {
            "translation": [ 0, 3, 0 ],
            "scale": [ 0.25, 0.25, 0.25 ]
        },
        "gui": {
            "rotation": [ 30, 225, 0 ],
            "scale": [ 0.625, 0.625, 0.625 ]
        },
        "head": {
            "translation": [ 0, -31.25, -3.5 ],
            "scale": [ 1.65, 1.65, 1.65 ]
        },
        "fixed": {
            "rotation": [ -90, 0, 0 ],
            "translation": [ 0, -7.25, -15.75 ],
            "scale": [ 2, 2, 2 ]
        }
    },
    "groups": [
        {
            "name": "Entire",
            "origin": [
                8,
                8,
                8
            ],
            "children": [
                0,
                1,
                2,
                3,
                4,
                5,
                6
            ]
        }
    ],
    "__comment": "Model animated using Fizzy's model animator - http://fizzy81.github.io/animated-models/"
}
