{
	"textures": {
		"0": "dnd:entity/ambermancer/ambermancer_idle"
	},
	"elements": [
		{
			"name": "body",
			"from": [3.5, 4.5, 3.5],
			"to": [12.5, 24.5, 10.5],
			"rotation": {"angle": 0, "axis": "y", "origin": [8, 17.86497, 5.77407]},
			"faces": {
				"north": {"uv": [0.75, 0.75, 1.75, 3.25], "texture": "#0", "tintindex": 0},
				"east": {"uv": [0, 0.75, 0.75, 3.25], "texture": "#0", "tintindex": 0},
				"south": {"uv": [2.5, 0.75, 3.5, 3.25], "texture": "#0", "tintindex": 0},
				"west": {"uv": [1.75, 0.75, 2.5, 3.25], "texture": "#0", "tintindex": 0},
				"up": {"uv": [1.75, 0.75, 0.75, 0], "texture": "#0", "tintindex": 0},
				"down": {"uv": [2.75, 0, 1.75, 0.75], "texture": "#0", "tintindex": 0}
			}
		},
		{
			"name": "body",
			"from": [4, 12, 4],
			"to": [12, 24, 10],
			"rotation": {"angle": 0, "axis": "y", "origin": [8, 17.86497, 5.77407]},
			"faces": {
				"north": {"uv": [0.75, 4, 1.75, 5.5], "texture": "#0", "tintindex": 0},
				"east": {"uv": [0, 4, 0.75, 5.5], "texture": "#0", "tintindex": 0},
				"south": {"uv": [2.5, 4, 3.5, 5.5], "texture": "#0", "tintindex": 0},
				"west": {"uv": [1.75, 4, 2.5, 5.5], "texture": "#0", "tintindex": 0},
				"up": {"uv": [1.75, 4, 0.75, 3.25], "texture": "#0", "tintindex": 0},
				"down": {"uv": [2.75, 3.25, 1.75, 4], "texture": "#0", "tintindex": 0}
			}
		},
		{
			"name": "leg0",
			"from": [4, 0, 5],
			"to": [8, 12, 9],
			"rotation": {"angle": 0, "axis": "y", "origin": [8, 17.86497, 5.77407]},
			"faces": {
				"north": {"uv": [5.5, 6, 6, 7.5], "texture": "#0", "tintindex": 0},
				"east": {"uv": [5, 6, 5.5, 7.5], "texture": "#0", "tintindex": 0},
				"south": {"uv": [6.5, 6, 7, 7.5], "texture": "#0", "tintindex": 0},
				"west": {"uv": [6, 6, 6.5, 7.5], "texture": "#0", "tintindex": 0},
				"up": {"uv": [6, 6, 5.5, 5.5], "texture": "#0", "tintindex": 0},
				"down": {"uv": [6.5, 5.5, 6, 6], "texture": "#0", "tintindex": 0}
			}
		},
		{
			"name": "leg1",
			"from": [8, 0, 5],
			"to": [12, 12, 9],
			"rotation": {"angle": 0, "axis": "y", "origin": [8, 17.86497, 5.77407]},
			"faces": {
				"north": {"uv": [3.5, 6, 4, 7.5], "texture": "#0", "tintindex": 0},
				"east": {"uv": [3, 6, 3.5, 7.5], "texture": "#0", "tintindex": 0},
				"south": {"uv": [4.5, 6, 5, 7.5], "texture": "#0", "tintindex": 0},
				"west": {"uv": [4, 6, 4.5, 7.5], "texture": "#0", "tintindex": 0},
				"up": {"uv": [4, 6, 3.5, 5.5], "texture": "#0", "tintindex": 0},
				"down": {"uv": [4.5, 5.5, 4, 6], "texture": "#0", "tintindex": 0}
			}
		},
		{
			"name": "arms",
			"from": [12, 14.26522, 0.77422],
			"to": [16, 22.26522, 4.77422],
			"rotation": {"angle": 45, "axis": "x", "origin": [8, 16.86497, 5.77407]},
			"faces": {
				"north": {"uv": [2.5, 8, 3, 9], "texture": "#0", "tintindex": 0},
				"east": {"uv": [2, 8, 2.5, 9], "texture": "#0", "tintindex": 0},
				"south": {"uv": [3.5, 8, 4, 9], "texture": "#0", "tintindex": 0},
				"west": {"uv": [3, 8, 3.5, 9], "texture": "#0", "tintindex": 0},
				"up": {"uv": [3, 8, 2.5, 7.5], "texture": "#0", "tintindex": 0},
				"down": {"uv": [3.5, 7.5, 3, 8], "texture": "#0", "tintindex": 0}
			}
		},
		{
			"name": "arms",
			"from": [0, 14.26522, 0.77422],
			"to": [4, 22.26522, 4.77422],
			"rotation": {"angle": 45, "axis": "x", "origin": [8, 16.86497, 5.77407]},
			"faces": {
				"north": {"uv": [0.5, 8, 1, 9], "texture": "#0", "tintindex": 0},
				"east": {"uv": [0, 8, 0.5, 9], "texture": "#0", "tintindex": 0},
				"south": {"uv": [1.5, 8, 2, 9], "texture": "#0", "tintindex": 0},
				"west": {"uv": [1, 8, 1.5, 9], "texture": "#0", "tintindex": 0},
				"up": {"uv": [1, 8, 0.5, 7.5], "texture": "#0", "tintindex": 0},
				"down": {"uv": [1.5, 7.5, 1, 8], "texture": "#0", "tintindex": 0}
			}
		},
		{
			"name": "arms",
			"from": [4, 14.26522, 0.77422],
			"to": [12, 18.26522, 4.77422],
			"rotation": {"angle": 45, "axis": "x", "origin": [8, 16.86497, 5.77407]},
			"faces": {
				"north": {"uv": [0.5, 6, 1.5, 6.5], "texture": "#0", "tintindex": 0},
				"east": {"uv": [0, 6, 0.5, 6.5], "texture": "#0", "tintindex": 0},
				"south": {"uv": [2, 6, 3, 6.5], "texture": "#0", "tintindex": 0},
				"west": {"uv": [1.5, 6, 2, 6.5], "texture": "#0", "tintindex": 0},
				"up": {"uv": [1.5, 6, 0.5, 5.5], "texture": "#0", "tintindex": 0},
				"down": {"uv": [2.5, 5.5, 1.5, 6], "texture": "#0", "tintindex": 0}
			}
		}
	],
	"display": {
		"thirdperson_righthand": {
			"rotation": [75, 45, 0],
			"translation": [0, 2.5, 0],
			"scale": [0.375, 0.375, 0.375]
		},
		"thirdperson_lefthand": {
			"rotation": [75, 45, 0],
			"translation": [0, 2.5, 0],
			"scale": [0.375, 0.375, 0.375]
		},
		"firstperson_righthand": {
			"rotation": [0, 45, 0],
			"scale": [0.4, 0.4, 0.4]
		},
		"firstperson_lefthand": {
			"rotation": [0, 225, 0],
			"scale": [0.4, 0.4, 0.4]
		},
		"ground": {
			"rotation": [-180, 0, -180],
			"translation": [0, -9.75, -7.25]
		},
		"gui": {
			"rotation": [30, 225, 0],
			"scale": [0.625, 0.625, 0.625]
		},
		"head": {
			"translation": [0, -29.25, 2.5],
			"scale": [1.65, 1.65, 1.65]
		},
		"fixed": {
			"rotation": [-90, 0, 0],
			"translation": [0, 0, -26],
			"scale": [2, 2, 2]
		}
	},
	"groups": [
		{
			"name": "Entire",
			"origin": [8, 8, 8],
			"children": [
				{
					"name": "Body",
					"origin": [8, 8, 8],
					"children": [0, 1]
				},
				{
					"name": "Limbs",
					"origin": [8, 8, 8],
					"children": [2, 3,
						{
							"name": "Arms",
							"origin": [8, 8, 8],
							"children": [
								{
									"name": "Closed",
									"origin": [8, 8, 8],
									"children": [4, 5, 6]
								},
								{
									"name": "Open",
									"origin": [8, 8, 8],
									"children": []
								}
							]
						}
					]
				}
			]
		}
	]
}
